front_de;back_de;front_en;back_en;is_bidirectional
Was ist der Unterschied zwischen Übertragungsnetz und Verteilnetz?;Das Übertragungsnetz transportiert große Strommengen über weite Entfernungen. Das Verteilnetz verteilt den Strom in Regionen, Städten und Gemeinden an Verbraucher und nimmt Strom aus dezentralen Anlagen auf.;What is the difference between the transmission grid and the distribution grid?;The transmission grid carries large amounts of electrical power over long distances. Distribution grids deliver electricity to local consumers and receive electricity from smaller, local power plants.;0
Welche Aufgaben haben die verschiedenen Spannungsebenen im Stromnetz?;Höchstspannung (220/380 kV) dient dem überregionalen Transport. Hochspannung (oft 110 kV) versorgt größere Regionen, Mittelspannung lokale Verteilnetze und Niederspannung beispielsweise Haushalte.;What are the different voltage levels used for in the power grid?;Extra-high voltage (220/380 kV) is used for long-distance transmission. High voltage (often 110 kV) supplies large regions, medium voltage serves local networks, and low voltage supplies homes.;0
Was ist ein Umspannwerk?;Ein Umspannwerk verbindet Stromleitungen und Spannungsebenen. Transformatoren erhöhen oder senken dort die Spannung, beispielsweise von 380 kV auf 110 kV.;What is an electrical substation?;A substation connects power lines and voltage levels. Its transformers raise or lower the voltage, for example from 380 kV to 110 kV.;0
Was ist ein Strahlennetz?;Ein Strahlennetz versorgt Verbraucher über einen einzigen Netzweg. Wird dieser Weg unterbrochen, verlieren die dahinterliegenden Verbraucher ihre Stromversorgung.;What is a radial distribution network?;A radial network supplies consumers through a single network path. If that path is interrupted, the consumers beyond the fault lose power.;0
Was ist ein offenes Ringnetz?;Ein offenes Ringnetz besitzt eine zusätzliche Verbindung zu einem anderen Versorgungsweg, die normalerweise geöffnet ist. Bei einer Störung kann sie nach dem Abtrennen des fehlerhaften Abschnitts geschlossen werden, um Verbraucher wieder zu versorgen.;What is an open-ring distribution network?;An open-ring network has an alternative supply path that is normally disconnected. After isolating a faulty section, operators can close the connection to restore power to other consumers.;0
Warum werden Städte über mehrere Stromleitungen versorgt?;Damit bei einem Leitungsausfall andere Leitungen die Versorgung teilweise oder vollständig übernehmen können. Dadurch wird das Netz zuverlässiger.;Why are cities supplied by several power lines?;If one line fails, other lines can take over some or all of the supply. This makes the power network more reliable.;0
Was bedeutet Synchronismus bei Generatoren?;Synchrone Generatoren arbeiten mit derselben elektrischen Netzfrequenz. Ihre magnetischen Felder behalten im stabilen Betrieb einen festen Winkel zueinander, sodass sie gemeinsam Leistung ins Netz einspeisen können.;What does synchronism mean for generators?;Synchronous generators operate at the same electrical grid frequency. In stable operation, their magnetic fields maintain a fixed angle relative to one another, allowing them to supply power to the grid together.;0
Warum ist die Regelung von Wechselrichtern für das Stromnetz wichtig?;Wechselrichter bestimmen, wie Solar- und Windanlagen Strom einspeisen. Ihre Steuerung kann beispielsweise die Einspeiseleistung und Blindleistung anpassen und bei der Spannungs- und Frequenzhaltung helfen.;Why is inverter control important for the power grid?;Inverters control how solar and wind systems feed electricity into the grid. They can adjust active and reactive power and help support voltage and frequency stability.;0
Warum brauchen Kraftwerke selbst elektrischen Strom?;Pumpen, Lüfter, Steuerungen und andere Hilfsanlagen benötigen Strom, damit das Kraftwerk funktioniert.;Why do power plants need electricity themselves?;Pumps, fans, control systems and other equipment need electricity to keep the power plant running.;0
Warum können nicht alle Kraftwerke nach einem Blackout selbstständig wieder starten?;Viele Kraftwerke brauchen zunächst Strom für Pumpen, Steuerungen oder andere Hilfsanlagen. Schwarzstartfähige Anlagen können dagegen ohne externe Stromversorgung anlaufen und beim Wiederaufbau des Netzes helfen.;Why can't all power plants restart on their own after a blackout?;Many power plants first need electricity for pumps, controls or other equipment. Black-start-capable plants can start without an external electricity supply and help restore the grid.;0
Was begrenzt die übertragbare Leistung einer Stromleitung?;Vor allem die zulässige Stromstärke, die Erwärmung der Leitung und die Spannungsgrenzen. Im Übertragungsnetz können außerdem Stabilitätsgrenzen entscheidend sein.;What limits the amount of power a line can transmit?;The maximum permitted current, heating of the line and voltage limits are key factors. Stability limits may also matter in transmission grids.;0
Warum dürfen Stromleitungen nicht dauerhaft überlastet werden?;Bei zu hoher Stromstärke erwärmen sie sich stark. Dadurch können Leiter und Isolierungen beschädigt werden. Freileitungen können sich außerdem stärker durchhängen.;Why must power lines not be overloaded for long periods?;Too much current heats the lines. This can damage conductors and insulation. Overhead lines may also sag too much.;0
Warum bestimmt die Spitzenleistung die Auslegung einer Stromleitung?;Eine Leitung muss auch die höchsten zu erwartenden Stromflüsse sicher übertragen können. Deshalb reicht es nicht, nur den durchschnittlichen Verbrauch zu betrachten.;Why is peak demand important when designing a power line?;A line must safely carry the highest expected current. Average electricity consumption alone is therefore not enough for planning.;0
Was ist ein Lastprofil?;Ein Lastprofil zeigt, wie sich der Stromverbrauch beziehungsweise die benötigte Leistung über die Zeit verändert, beispielsweise innerhalb eines Tages.;What is a load profile?;A load profile shows how electricity demand, or the power needed, changes over time, for example during a day.;0
Was bedeutet Spitzenlast?;Die höchste elektrische Leistung, die innerhalb eines bestimmten Zeitraums benötigt wird. Beispielsweise kann die Spitzenlast abends entstehen, wenn viele Menschen gleichzeitig kochen und Elektroautos laden.;What is peak load?;Peak load is the highest electrical power demand during a given period. For example, it may occur in the evening when many people cook and charge electric cars at the same time.;0
Warum ist die Spitzenlast für die Netzplanung wichtiger als der durchschnittliche Verbrauch?;Leitungen und Transformatoren müssen die höchsten Belastungen bewältigen. Auch wenn ein hoher Verbrauch nur kurz auftritt, kann er einen Netzengpass verursachen.;Why does peak load matter more than average demand for grid planning?;Lines and transformers must handle the highest loads. Even a short period of high demand can cause a network bottleneck.;0
Warum können sich die Stromverbräuche vieler Haushalte teilweise ausgleichen?;Weil nicht alle Haushalte ihre Geräte gleichzeitig nutzen. Dadurch ist die gemeinsame Spitzenlast meist kleiner als die Summe aller theoretisch möglichen Einzelspitzen.;Why do electricity demands from many households partly balance out?;Not all households use their appliances at the same time. So their combined peak load is usually lower than the sum of their individual maximum loads.;0
Warum sind sowohl Energie als auch Leistung für das Stromnetz wichtig?;Die Energiemenge beschreibt, wie viel Strom über einen Zeitraum benötigt wird. Die Leistung bestimmt, wie stark das Netz zu einem bestimmten Zeitpunkt belastet wird. Beispiel: Zwei Elektroautos benötigen jeweils 40 kWh. Laden beide gleichzeitig mit 11 kW, belasten sie das Netz stärker, als wenn sie nacheinander laden.;Why are both energy and power important for the grid?;Energy tells us how much electricity is needed over a period of time. Power shows how much the grid is loaded at a particular moment. For example, two cars each need 40 kWh. Charging them at 11 kW at the same time puts more load on the grid than charging them one after the other.;0
Was passiert mit der Netzfrequenz, wenn plötzlich mehr Strom verbraucht als erzeugt wird?;Die Frequenz sinkt zunächst. Rotierende Generatoren geben dabei einen Teil ihrer gespeicherten Bewegungsenergie ab, um das Leistungsdefizit kurzfristig auszugleichen.;What happens to grid frequency if electricity demand suddenly exceeds generation?;The frequency initially falls. Rotating generators release some of their stored kinetic energy to help cover the power shortage for a short time.;0
Was passiert mit der Netzfrequenz, wenn mehr Strom erzeugt als verbraucht wird?;Die Frequenz steigt zunächst. Die überschüssige Leistung kann synchrone Generatoren etwas beschleunigen, bis die Regelung das Gleichgewicht wiederherstellt.;What happens to grid frequency when generation is higher than demand?;The frequency initially rises. Excess power can slightly speed up synchronous generators until control systems restore the balance.;0
Was bedeutet Trägheit im Stromnetz?;Große rotierende Generatoren speichern Bewegungsenergie. Bei plötzlichen Änderungen von Erzeugung oder Verbrauch geben sie Energie ab oder nehmen Energie auf. Dadurch verändert sich die Netzfrequenz langsamer.;What is inertia in the power grid?;Large rotating generators store kinetic energy. When generation or demand changes suddenly, they release or absorb energy, slowing down changes in grid frequency.;0
Wie reagiert ein konventionelles Kraftwerk auf eine sinkende Netzfrequenz?;Seine Leistungsregelung kann die Energiezufuhr zur Turbine erhöhen, beispielsweise durch mehr Dampf oder Wasser. Dadurch erzeugt der Generator mehr elektrische Leistung.;How can a conventional power plant respond to falling grid frequency?;Its control system can increase the energy supplied to the turbine, for example by allowing more steam or water through. The generator can then produce more electrical power.;0
Warum braucht das Stromsystem Leistungsreserven?;Damit bei einem unerwarteten Kraftwerksausfall oder einer Verbrauchsänderung schnell zusätzliche Leistung bereitgestellt beziehungsweise überschüssige Leistung aufgenommen werden kann.;Why does the power system need reserve capacity?;Reserves allow the system to quickly supply extra power or absorb excess power after a plant outage or a change in demand.;0
Was passiert, wenn nach einem Kraftwerksausfall nicht genügend Reserveleistung verfügbar ist?;Die Netzfrequenz kann weiter sinken. Im Extremfall müssen Verbraucher abgeschaltet werden, um einen größeren Stromausfall zu verhindern.;What happens if there is not enough reserve power after a power plant fails?;Grid frequency may keep falling. In an extreme case, some consumers must be disconnected to prevent a larger power outage.;0
Warum sinkt die Spannung entlang einer belasteten Stromleitung?;Jede Leitung besitzt einen elektrischen Widerstand und eine Reaktanz. Wenn Strom fließt, entsteht dadurch ein Spannungsabfall. Je nach Leitung und Belastung kann die Spannung am Ende niedriger sein.;Why can voltage fall along a power line carrying current?;Every line has resistance and reactance. When current flows, these cause a voltage drop. Depending on the line and its load, the voltage at the far end can be lower.;0
Warum kann eine Photovoltaikanlage die Spannung im Verteilnetz erhöhen?;Wenn eine PV-Anlage mehr Strom erzeugt, als vor Ort verbraucht wird, fließt Leistung in das vorgelagerte Netz. Dadurch kann die Spannung am Einspeisepunkt ansteigen.;Why can a solar power system raise voltage in a distribution grid?;If a solar system generates more electricity than is used nearby, power flows back towards the wider grid. This can raise the voltage at the connection point.;0
Was versteht man unter Spannungsqualität?;Spannungsqualität beschreibt, ob die Spannung im Stromnetz die erforderlichen Eigenschaften besitzt, beispielsweise eine passende Höhe, Frequenz und möglichst geringe Störungen.;What is voltage quality?;Voltage quality describes whether the grid voltage meets required conditions, such as a suitable level, a stable frequency and few disturbances.;0
Was ist Flicker im Stromnetz?;Flicker bezeichnet sichtbare Helligkeitsschwankungen von Lampen, die durch wiederholte Spannungsschwankungen entstehen können.;What is flicker in the power grid?;Flicker means visible changes in lamp brightness that can be caused by repeated changes in voltage.;0
Warum kann Blindleistung die Übertragung von Wirkleistung einschränken?;Blindleistung verursacht zusätzliche Stromflüsse, die Leitungen und Transformatoren belasten. Dadurch bleibt innerhalb ihrer Belastungsgrenzen weniger Kapazität für Wirkleistung übrig.;Why can reactive power reduce the capacity available for active power?;Reactive power adds to the current carried by lines and transformers. This can leave less capacity for active power within their operating limits.;0
Wie kann Blindleistung zur Spannungsregelung genutzt werden?;Netzbetreiber können Blindleistung gezielt bereitstellen oder aufnehmen lassen, beispielsweise durch Wechselrichter oder Kompensationsanlagen. Dadurch lässt sich die Spannung beeinflussen.;How can reactive power be used to control voltage?;Grid operators can have inverters or compensation devices supply or absorb reactive power. This helps influence the grid voltage.;0
Was ist ein Netzengpass?;Ein Netzengpass entsteht, wenn Leitungen oder andere Netzbetriebsmittel die benötigte Leistung nicht innerhalb ihrer zulässigen Grenzen übertragen können.;What is grid congestion?;Grid congestion occurs when power lines or other grid equipment cannot carry the required power within their operating limits.;0
Warum kann ein Netzengpass entstehen, obwohl insgesamt genug Strom erzeugt wird?;Weil Strom nicht überallhin unbegrenzt transportiert werden kann. Wenn beispielsweise im Norden viel Windstrom erzeugt wird, aber Leitungen in Richtung Süden ausgelastet sind, kann der Strom nicht vollständig dorthin übertragen werden.;Why can grid congestion occur even when enough electricity is generated overall?;The grid cannot carry unlimited amounts of power everywhere. For example, strong wind generation in northern Germany may exceed the capacity of power lines towards the south.;0
Was ist Redispatch?;Redispatch ist die gezielte Anpassung der geplanten Stromeinspeisung verschiedener Anlagen, um Netzengpässe zu vermeiden oder zu beseitigen.;What is redispatch?;Redispatch is a planned adjustment of electricity generation at different locations to prevent or relieve grid congestion.;0
Wie funktioniert Redispatch an einem konkreten Beispiel?;Wenn eine Leitung zwischen Nord- und Süddeutschland überlastet werden könnte, kann die Einspeisung im Norden reduziert und an einem geeigneten Standort im Süden erhöht werden. Dadurch wird die belastete Verbindung entlastet.;How does redispatch work in a practical example?;If a power line between northern and southern Germany might become overloaded, generation in the north can be reduced while generation at a suitable location in the south is increased. This relieves the overloaded route.;0
Was ist der Unterschied zwischen einem Netzengpass und einem Leistungsdefizit?;Bei einem Netzengpass ist möglicherweise genug Strom vorhanden, aber die Transportkapazität reicht nicht aus. Bei einem Leistungsdefizit wird im gesamten betrachteten System weniger elektrische Leistung bereitgestellt als benötigt.;What is the difference between grid congestion and a power deficit?;With grid congestion, enough power may be available, but the network cannot transport it where it is needed. With a power deficit, total generation in the system is lower than demand.;0
Wie kann gesteuertes Laden von Elektroautos das Stromnetz entlasten?;Elektroautos können zeitversetzt oder mit geringerer Ladeleistung geladen werden. Dadurch laden nicht alle Fahrzeuge gleichzeitig, und die Belastung des Netzes wird gleichmäßiger verteilt.;How can controlled electric-car charging reduce pressure on the grid?;Electric cars can charge later or at a lower power level. This stops too many cars charging at the same time and spreads demand more evenly.;0
Warum spart Lastverschiebung nicht automatisch Energie?;Weil dieselbe Energiemenge lediglich zu einem anderen Zeitpunkt verbraucht wird. Wird ein Elektroauto nachts statt abends geladen, benötigt es weiterhin ungefähr dieselbe Energiemenge.;Why doesn't load shifting automatically save energy?;The same amount of energy is simply used at a different time. A car that charges at night instead of in the evening still needs about the same energy.;0
Was bedeutet Lastabwurf (Load Shedding)?;Beim Lastabwurf werden bestimmte Verbraucher oder Netzbereiche gezielt von der Stromversorgung getrennt, um das übrige Stromsystem zu stabilisieren.;What is load shedding?;Load shedding means deliberately disconnecting some consumers or parts of the grid to help keep the rest of the power system stable.;0
Warum kann Lastabwurf einen Blackout verhindern?;Wenn zu wenig elektrische Leistung bereitsteht, sinkt die Netzfrequenz. Durch das schnelle Abschalten eines Teils der Verbraucher sinkt der Bedarf, sodass das Leistungsdefizit kleiner wird.;Why can load shedding prevent a blackout?;When too little power is available, grid frequency falls. Disconnecting some consumers quickly reduces demand and helps close the power gap.;0
Was ist der Unterschied zwischen Lastverschiebung und Lastabwurf?;Bei der Lastverschiebung wird Strom zu einem anderen Zeitpunkt genutzt, beispielsweise beim Laden eines Elektroautos. Beim Lastabwurf wird die Stromversorgung bestimmter Verbraucher vorübergehend unterbrochen, um das Netz zu schützen.;What is the difference between load shifting and load shedding?;Load shifting means using electricity at a different time, for example when charging an electric car. Load shedding means temporarily disconnecting consumers to protect the grid.;0
Was ist ein Kurzschluss?;Ein Kurzschluss entsteht, wenn zwei Punkte mit unterschiedlicher elektrischer Spannung unbeabsichtigt sehr niederohmig verbunden werden. Dabei können gefährlich hohe Ströme fließen.;What is a short circuit?;A short circuit happens when two points with different voltages are accidentally connected through a very low resistance. This can cause dangerously high currents.;0
Welche Aufgaben haben Sicherungen und Leistungsschalter?;Sie unterbrechen den Stromfluss bei Fehlern oder unzulässig hohen Strömen. Dadurch schützen sie Leitungen, Anlagen und Menschen.;What do fuses and circuit breakers do?;They interrupt the current when there is a fault or the current becomes too high. This protects lines, equipment and people.;0
Warum benötigen Krankenhäuser eine besonders zuverlässige Stromversorgung?;Weil beispielsweise Beatmungsgeräte und andere lebenswichtige Geräte auch bei Netzstörungen funktionieren müssen. Deshalb gibt es zusätzliche Versorgungssysteme wie Batterien und Notstromaggregate.;Why do hospitals need an especially reliable electricity supply?;Life-saving equipment, such as ventilators, must work even during grid disturbances. Hospitals therefore have backup systems such as batteries and emergency generators.;0
Was ist der Unterschied zwischen einem lokalen Stromausfall und einem Blackout?;Ein lokaler Stromausfall betrifft einen begrenzten Bereich, beispielsweise eine Straße oder Stadt. Ein Blackout ist ein großflächiger, schwerwiegender Ausfall der Stromversorgung.;What is the difference between a local power outage and a blackout?;A local power outage affects a limited area, such as a street or town. A blackout is a serious, widespread failure of the electricity supply.;0
Wie kann der Ausfall eines großen Kraftwerks einen Blackout auslösen?;Fällt plötzlich viel Erzeugungsleistung weg, sinkt die Netzfrequenz. Wenn die verbleibenden Anlagen und Reserven den Ausfall nicht ausgleichen können, können Schutzabschaltungen weitere Teile des Netzes außer Betrieb setzen.;How can the failure of a large power plant cause a blackout?;If a large amount of generation suddenly disappears, grid frequency falls. If other plants and reserves cannot make up the difference, protective shutdowns may disconnect more parts of the grid.;0
Wie kann der Ausfall einer Stromleitung zu einer Kettenreaktion führen?;Fällt eine Leitung aus, verteilt sich der Strom auf andere Leitungen. Werden diese dadurch überlastet und ebenfalls abgeschaltet, kann sich die Störung weiter ausbreiten.;How can one power line failure cause a chain reaction?;If one line fails, power flows shift to other lines. If those lines become overloaded and also disconnect, the disturbance can spread.;0
Was passiert, wenn ein Generator den Synchronismus zum Stromnetz verliert?;Der Generator läuft nicht mehr stabil im gleichen elektrischen Rhythmus wie das Netz. Dadurch können starke Leistungsschwankungen entstehen. Zum Schutz wird der Generator gegebenenfalls abgeschaltet.;What happens if a generator loses synchronism with the grid?;The generator no longer runs in a stable electrical rhythm with the grid. Large power swings can occur, so the generator may be disconnected for protection.;0
Warum können schlecht abgestimmte Regler die Netzstabilität gefährden?;Wenn mehrere Regler zu spät oder zu stark reagieren, können sie Schwankungen gegenseitig verstärken. Statt die Netzfrequenz zu stabilisieren, verursachen sie dann zusätzliche Schwankungen.;Why can poorly coordinated control systems threaten grid stability?;If several controllers react too late or too strongly, they can make each other's fluctuations worse. Instead of stabilizing the grid frequency, they create extra oscillations.;0
Was ist potenzielle Energie (Lageenergie)?;Energie, die ein Körper aufgrund seiner Höhe oder Lage besitzt. Beispiel: Wasser in einem hoch gelegenen Stausee besitzt Lageenergie, die beim Herunterfließen genutzt werden kann.;What is potential energy?;Energy stored because of an object's position or height. For example, water in a reservoir high above the ground has potential energy that can be used when it flows downhill.;0
Was ist kinetische Energie (Bewegungsenergie)?;Energie, die ein Körper durch seine Bewegung besitzt. Beispiel: Wind besitzt Bewegungsenergie, die den Rotor einer Windkraftanlage antreibt.;What is kinetic energy?;Energy an object has because it is moving. For example, wind has kinetic energy that makes the rotor of a wind turbine turn.;0
Was ist Spannenergie (elastische Energie)?;Energie, die gespeichert wird, wenn ein elastischer Körper gedehnt oder zusammengedrückt wird. Beispiel: Eine zusammengedrückte Feder gibt beim Loslassen ihre gespeicherte Energie ab.;What is elastic potential energy?;Energy stored when an elastic object is stretched or compressed. For example, a compressed spring releases its stored energy when it is let go.;0
Was ist chemische Energie?;Energie, die in Stoffen gespeichert ist und bei chemischen Reaktionen freigesetzt oder aufgenommen werden kann. Beispiel: Erdgas gibt bei der Verbrennung Energie als Wärme ab. Batterien speichern Energie in chemischer Form.;What is chemical energy?;Energy stored in substances that can be released or absorbed during chemical reactions. For example, natural gas releases heat when burned. Batteries store energy in chemical form.;0
Was ist Kernenergie?;Energie, die in Atomkernen gespeichert ist. Bei der Spaltung schwerer Atomkerne kann ein Teil davon freigesetzt werden. In Kernkraftwerken wird damit Wärme erzeugt, die zur Stromerzeugung genutzt wird.;What is nuclear energy?;Energy stored in atomic nuclei. Some of this energy can be released when heavy nuclei are split. Nuclear power plants use this energy to produce heat and generate electricity.;0
Was ist Strahlungsenergie?;Energie, die durch elektromagnetische Strahlung übertragen wird, beispielsweise durch Sonnenlicht. Photovoltaikanlagen wandeln einen Teil dieser Strahlungsenergie direkt in elektrische Energie um.;What is radiant energy?;Energy carried by electromagnetic radiation, such as sunlight. Solar panels convert part of this energy directly into electrical energy.;0
Was ist thermische Energie (Wärmeenergie)?;Energie, die mit der ungeordneten Bewegung und Wechselwirkung von Teilchen in einem Stoff zusammenhängt. Beispiel: Beim Erhitzen von Wasser steigt seine thermische Energie.;What is thermal energy?;Energy related to the random movement and interaction of particles in a substance. For example, heating water increases its thermal energy.;0
Was ist elektrische Energie?;Energie, die mit elektrischen Ladungen und Feldern verbunden ist und über Stromleitungen übertragen werden kann. Beispiel: Eine Lampe wandelt elektrische Energie in Licht und Wärme um.;What is electrical energy?;Energy associated with electric charges and fields that can be transferred through power lines. For example, a lamp converts electrical energy into light and heat.;0
Was bedeutet Energieumwandlung?;Energieumwandlung bedeutet, dass Energie von einer Form in eine andere übergeht. Beispiel: Ein Elektromotor wandelt elektrische Energie in Bewegungsenergie um. Dabei entsteht auch Wärme.;What is energy conversion?;Energy conversion means changing energy from one form into another. For example, an electric motor converts electrical energy into kinetic energy. Some energy is also converted into heat.;0
Welche Energieumwandlungen finden in einem Wasserkraftwerk statt?;Das Wasser besitzt im Stausee Lageenergie. Beim Herunterfließen wird sie in Bewegungsenergie umgewandelt. Das Wasser treibt eine Turbine an, deren mechanische Energie der Generator in elektrische Energie umwandelt.;What energy conversions take place in a hydropower plant?;Water stored in a reservoir has potential energy. As it flows downhill, this becomes kinetic energy. The water turns a turbine, and a generator converts the mechanical energy into electrical energy.;0
