parent_category;subcategory;front_de;back_de;front_en;back_en;is_bidirectional
Englisch;Buch S. 14;Was bedeutet „to snarl“?;knurren, fauchen;What does “to snarl” mean in German?;German translation: knurren, fauchen;1
Englisch;Buch S. 14;Was bedeutet „acquaintance“?;Bekanntschaft, Bekannter, Bekannte;What does “acquaintance” mean in German?;German translation: Bekanntschaft, Bekannter, Bekannte;1
Englisch;Buch S. 14;Was bedeutet „to acquire“?;erwerben, erlangen, sich aneignen;What does “to acquire” mean in German?;German translation: erwerben, erlangen, sich aneignen;1
Englisch;Buch S. 14;Was bedeutet „across“?;quer durch, über, hinüber;What does “across” mean in German?;German translation: quer durch, über, hinüber;1
Englisch;Buch S. 14;Was bedeutet „to swim across a river“?;durch einen Fluss schwimmen;What does “to swim across a river” mean in German?;German translation: durch einen Fluss schwimmen;1
Englisch;Buch S. 14;Was bedeutet „act“?;Tat, Handlung, Akt, Gesetz;What does “act” mean in German?;German translation: Tat, Handlung, Akt, Gesetz;1
Englisch;Buch S. 14;Was bedeutet „to act“?;handeln, sich verhalten, schauspielern;What does “to act” mean in German?;German translation: handeln, sich verhalten, schauspielern;1
Englisch;Buch S. 14;Was bedeutet „to act on“?;nach etwas handeln, aufgrund von etwas tätig werden;What does “to act on” mean in German?;German translation: nach etwas handeln, aufgrund von etwas tätig werden;1
Englisch;Buch S. 14;Was bedeutet „to act as“?;als etwas tätig sein, als etwas fungieren;What does “to act as” mean in German?;German translation: als etwas tätig sein, als etwas fungieren;1
Englisch;Buch S. 14;Was bedeutet „I'll act on your advice“?;ich werde deinen Rat befolgen;What does “I'll act on your advice” mean in German?;German translation: ich werde deinen Rat befolgen;1
Englisch;Buch S. 14;Was bedeutet „in the (very) act“?;auf frischer Tat;What does “in the (very) act” mean in German?;German translation: auf frischer Tat;1
Englisch;Buch S. 14;Was bedeutet „action“?;Handlung, Tat, Wirkung, Maßnahme;What does “action” mean in German?;German translation: Handlung, Tat, Wirkung, Maßnahme;1
Englisch;Buch S. 14;Was bedeutet „killed in action“?;im Kampf gefallen;What does “killed in action” mean in German?;German translation: im Kampf gefallen;1
Englisch;Buch S. 14;Was bedeutet „active“?;aktiv, rege, tätig, wirksam;What does “active” mean in German?;German translation: aktiv, rege, tätig, wirksam;1
Englisch;Buch S. 14;Was bedeutet „activity“?;Aktivität, Tätigkeit, Beschäftigung;What does “activity” mean in German?;German translation: Aktivität, Tätigkeit, Beschäftigung;1
Englisch;Buch S. 14;Was bedeutet „actual“?;tatsächlich, wirklich;What does “actual” mean in German?;German translation: tatsächlich, wirklich;1
Englisch;Buch S. 14;Was bedeutet „to add (to)“?;hinzufügen, ergänzen, beitragen zu;What does “to add (to)” mean in German?;German translation: hinzufügen, ergänzen, beitragen zu;1
Englisch;Buch S. 14;Was bedeutet „to add up figures“?;Zahlen zusammenzählen, addieren;What does “to add up figures” mean in German?;German translation: Zahlen zusammenzählen, addieren;1
Englisch;Buch S. 14;Was bedeutet „to address (to)“?;adressieren an, sich wenden an, ansprechen;What does “to address (to)” mean in German?;German translation: adressieren an, sich wenden an, ansprechen;1
Englisch;Buch S. 14;Was bedeutet „address“?;Adresse, Anschrift, Ansprache, Anrede;What does “address” mean in German?;German translation: Adresse, Anschrift, Ansprache, Anrede;1
Englisch;Buch S. 14;Was bedeutet „to address as“?;jemanden als etwas anreden;What does “to address as” mean in German?;German translation: jemanden als etwas anreden;1
Englisch;Buch S. 14;Was bedeutet „admiration“?;Bewunderung;What does “admiration” mean in German?;German translation: Bewunderung;1
Englisch;Buch S. 14;Was bedeutet „to admire“?;bewundern;What does “to admire” mean in German?;German translation: bewundern;1
Englisch;Buch S. 14;Was bedeutet „admission“?;Eintritt, Zutritt, Zulassung, Eingeständnis;What does “admission” mean in German?;German translation: Eintritt, Zutritt, Zulassung, Eingeständnis;1
Englisch;Buch S. 14;Was bedeutet „admission free!“?;Eintritt frei!;What does “admission free!” mean in German?;German translation: Eintritt frei!;1
Englisch;Buch S. 14;Was bedeutet „to admit“?;zugeben, eingestehen, zulassen;What does “to admit” mean in German?;German translation: zugeben, eingestehen, zulassen;1
Englisch;Buch S. 14;Was bedeutet „to admit into“?;hineinlassen, aufnehmen;What does “to admit into” mean in German?;German translation: hineinlassen, aufnehmen;1
Englisch;Buch S. 14;Was bedeutet „to admit to“?;zu etwas zulassen, etwas zugeben;What does “to admit to” mean in German?;German translation: zu etwas zulassen, etwas zugeben;1
Englisch;Buch S. 14;Was bedeutet „to advance“?;vorrücken, voranbringen, fördern;What does “to advance” mean in German?;German translation: vorrücken, voranbringen, fördern;1
Englisch;Buch S. 14;Was bedeutet „advance“?;Fortschritt, Vormarsch, Vorschuss;What does “advance” mean in German?;German translation: Fortschritt, Vormarsch, Vorschuss;1
Englisch;Buch S. 14;Was bedeutet „in advance“?;im Voraus;What does “in advance” mean in German?;German translation: im Voraus;1
Englisch;Buch S. 14;Was bedeutet „advantage“?;Vorteil;What does “advantage” mean in German?;German translation: Vorteil;1
Englisch;Buch S. 14;Was bedeutet „to take advantage of someone“?;jemanden ausnutzen;What does “to take advantage of someone” mean in German?;German translation: jemanden ausnutzen;1
Englisch;Buch S. 14;Was bedeutet „to take advantage of something“?;etwas nutzen, sich etwas zunutze machen;What does “to take advantage of something” mean in German?;German translation: etwas nutzen, sich etwas zunutze machen;1
Englisch;Buch S. 14;Was bedeutet „adventure“?;Abenteuer;What does “adventure” mean in German?;German translation: Abenteuer;1
Englisch;Buch S. 14;Was bedeutet „to advertise“?;werben, Werbung machen, anzeigen;What does “to advertise” mean in German?;German translation: werben, Werbung machen, anzeigen;1
Englisch;Buch S. 14;Was bedeutet „advertisement“?;Anzeige, Werbung, Werbeanzeige;What does “advertisement” mean in German?;German translation: Anzeige, Werbung, Werbeanzeige;1
Englisch;Buch S. 14;Was bedeutet „advice“?;Rat, Ratschlag;What does “advice” mean in German?;German translation: Rat, Ratschlag;1
Englisch;Buch S. 14;Was bedeutet „to ask someone's advice“?;jemanden um Rat fragen;What does “to ask someone's advice” mean in German?;German translation: jemanden um Rat fragen;1
Englisch;Buch S. 14;Was bedeutet „to advise“?;raten, beraten, empfehlen;What does “to advise” mean in German?;German translation: raten, beraten, empfehlen;1
Englisch;Buch S. 14;Was bedeutet „he advised against it“?;er riet davon ab;What does “he advised against it” mean in German?;German translation: er riet davon ab;1
Englisch;Buch S. 14;Was bedeutet „affair“?;Angelegenheit, Sache, Geschäft, Affäre;What does “affair” mean in German?;German translation: Angelegenheit, Sache, Geschäft, Affäre;1
Englisch;Buch S. 14;Was bedeutet „that's my affair“?;das ist meine Sache;What does “that's my affair” mean in German?;German translation: das ist meine Sache;1
Englisch;Buch S. 14;Was bedeutet „to afford something“?;sich etwas leisten können;What does “to afford something” mean in German?;German translation: sich etwas leisten können;1
Englisch;Buch S. 14;Was bedeutet „I can't afford it“?;ich kann es mir nicht leisten;What does “I can't afford it” mean in German?;German translation: ich kann es mir nicht leisten;1
Englisch;Buch S. 15;Was bedeutet „to accomplish“?;erreichen, vollbringen;What does “to accomplish” mean in German?;German translation: erreichen, vollbringen;1
Englisch;Buch S. 15;Was bedeutet „agony“?;Qual;What does “agony” mean in German?;German translation: Qual;1
Englisch;Buch S. 15;Was bedeutet „afraid“?;ängstlich, bange, besorgt;What does “afraid” mean in German?;German translation: ängstlich, bange, besorgt;1
Englisch;Buch S. 15;Was bedeutet „to be afraid of“?;Angst haben vor;What does “to be afraid of” mean in German?;German translation: Angst haben vor;1
Englisch;Buch S. 15;Was bedeutet „after“?;nach, gemäß, nachdem, nachher;What does “after” mean in German?;German translation: nach, gemäß, nachdem, nachher;1
Englisch;Buch S. 15;Was bedeutet „after all“?;nach allem, schließlich;What does “after all” mean in German?;German translation: nach allem, schließlich;1
Englisch;Buch S. 15;Was bedeutet „afternoon“?;Nachmittag;What does “afternoon” mean in German?;German translation: Nachmittag;1
Englisch;Buch S. 15;Was bedeutet „in the afternoon“?;am Nachmittag;What does “in the afternoon” mean in German?;German translation: am Nachmittag;1
Englisch;Buch S. 15;Was bedeutet „this afternoon“?;heute Nachmittag;What does “this afternoon” mean in German?;German translation: heute Nachmittag;1
Englisch;Buch S. 15;Was bedeutet „afterward(s)“?;danach, darauf, nachher;What does “afterward(s)” mean in German?;German translation: danach, darauf, nachher;1
Englisch;Buch S. 15;Was bedeutet „again“?;wieder, abermals, ferner;What does “again” mean in German?;German translation: wieder, abermals, ferner;1
Englisch;Buch S. 15;Was bedeutet „time and again“?;immer wieder;What does “time and again” mean in German?;German translation: immer wieder;1
Englisch;Buch S. 15;Was bedeutet „never again“?;nie wieder;What does “never again” mean in German?;German translation: nie wieder;1
Englisch;Buch S. 15;Was bedeutet „once again“?;noch einmal;What does “once again” mean in German?;German translation: noch einmal;1
Englisch;Buch S. 15;Was bedeutet „against“?;gegen, wider;What does “against” mean in German?;German translation: gegen, wider;1
Englisch;Buch S. 15;Was bedeutet „to lean against the wall“?;sich an die Wand lehnen;What does “to lean against the wall” mean in German?;German translation: sich an die Wand lehnen;1
Englisch;Buch S. 15;Was bedeutet „age“?;Lebensalter;What does “age” mean in German?;German translation: Lebensalter;1
Englisch;Buch S. 15;Was bedeutet „at the age of“?;im Alter von;What does “at the age of” mean in German?;German translation: im Alter von;1
Englisch;Buch S. 15;Was bedeutet „what's his age?“?;Wie alt ist er?;What does “what's his age?” mean in German?;German translation: Wie alt ist er?;1
Englisch;Buch S. 15;Was bedeutet „to be under age“?;minderjährig sein;What does “to be under age” mean in German?;German translation: minderjährig sein;1
Englisch;Buch S. 15;Was bedeutet „to be of age“?;volljährig sein;What does “to be of age” mean in German?;German translation: volljährig sein;1
Englisch;Buch S. 15;Was bedeutet „ago“?;vor, vorher;What does “ago” mean in German?;German translation: vor, vorher;1
Englisch;Buch S. 15;Was bedeutet „a long time ago“?;vor langer Zeit;What does “a long time ago” mean in German?;German translation: vor langer Zeit;1
Englisch;Buch S. 15;Was bedeutet „some time ago“?;vor einiger Zeit;What does “some time ago” mean in German?;German translation: vor einiger Zeit;1
Englisch;Buch S. 15;Was bedeutet „to agree (with)“?;übereinstimmen mit;What does “to agree (with)” mean in German?;German translation: übereinstimmen mit;1
Englisch;Buch S. 15;Was bedeutet „to agree on“?;sich einigen über;What does “to agree on” mean in German?;German translation: sich einigen über;1
Englisch;Buch S. 15;Was bedeutet „to agree to“?;einverstanden sein mit, zustimmen;What does “to agree to” mean in German?;German translation: einverstanden sein mit, zustimmen;1
Englisch;Buch S. 15;Was bedeutet „we don't always agree“?;wir sind nicht immer derselben Meinung;What does “we don't always agree” mean in German?;German translation: wir sind nicht immer derselben Meinung;1
Englisch;Buch S. 15;Was bedeutet „agreement“?;Übereinkunft, Übereinstimmung;What does “agreement” mean in German?;German translation: Übereinkunft, Übereinstimmung;1
Englisch;Buch S. 15;Was bedeutet „to make an agreement“?;ein Abkommen treffen;What does “to make an agreement” mean in German?;German translation: ein Abkommen treffen;1
Englisch;Buch S. 15;Was bedeutet „ahead“?;voraus, vorwärts, voran;What does “ahead” mean in German?;German translation: voraus, vorwärts, voran;1
Englisch;Buch S. 15;Was bedeutet „who's ahead?“?;Wer ist an der Spitze?;What does “who's ahead?” mean in German?;German translation: Wer ist an der Spitze?;1
Englisch;Buch S. 15;Was bedeutet „to aim (at)“?;zielen auf;What does “to aim (at)” mean in German?;German translation: zielen auf;1
Englisch;Buch S. 15;Was bedeutet „aim“?;Ziel, Zweck;What does “aim” mean in German?;German translation: Ziel, Zweck;1
Englisch;Buch S. 15;Was bedeutet „air“?;Luft, Aussehen, Lied;What does “air” mean in German?;German translation: Luft, Aussehen, Lied;1
Englisch;Buch S. 15;Was bedeutet „to air“?;lüften;What does “to air” mean in German?;German translation: lüften;1
Englisch;Buch S. 15;Was bedeutet „change of air“?;Luftveränderung;What does “change of air” mean in German?;German translation: Luftveränderung;1
Englisch;Buch S. 15;Was bedeutet „to travel by air“?;mit dem Flugzeug reisen;What does “to travel by air” mean in German?;German translation: mit dem Flugzeug reisen;1
Englisch;Buch S. 15;Was bedeutet „alike“?;gleich, ähnlich, ebenso, ohne Unterschied;What does “alike” mean in German?;German translation: gleich, ähnlich, ebenso, ohne Unterschied;1
Englisch;Buch S. 15;Was bedeutet „alive“?;lebend, lebendig;What does “alive” mean in German?;German translation: lebend, lebendig;1
Englisch;Buch S. 15;Was bedeutet „to be alive with“?;wimmeln von;What does “to be alive with” mean in German?;German translation: wimmeln von;1
Englisch;Buch S. 15;Was bedeutet „to keep alive“?;am Leben erhalten;What does “to keep alive” mean in German?;German translation: am Leben erhalten;1
Englisch;Buch S. 15;Was bedeutet „all“?;all, ganz, jede(r, s);What does “all” mean in German?;German translation: all, ganz, jede(r, s);1
Englisch;Buch S. 15;Was bedeutet „not at all“?;überhaupt nicht;What does “not at all” mean in German?;German translation: überhaupt nicht;1
Englisch;Buch S. 15;Was bedeutet „for all I know“?;soweit ich weiß;What does “for all I know” mean in German?;German translation: soweit ich weiß;1
Englisch;Buch S. 15;Was bedeutet „all at once“?;ganz plötzlich;What does “all at once” mean in German?;German translation: ganz plötzlich;1
Englisch;Buch S. 15;Was bedeutet „all right“?;ganz recht, in Ordnung;What does “all right” mean in German?;German translation: ganz recht, in Ordnung;1
Englisch;Buch S. 15;Was bedeutet „all day long“?;den ganzen Tag;What does “all day long” mean in German?;German translation: den ganzen Tag;1
Englisch;Buch S. 15;Was bedeutet „to allow“?;erlauben, gewähren;What does “to allow” mean in German?;German translation: erlauben, gewähren;1
Englisch;Buch S. 15;Was bedeutet „almost“?;beinahe, fast;What does “almost” mean in German?;German translation: beinahe, fast;1
Englisch;Buch S. 16;Was bedeutet „alone“?;allein, einsam;What does “alone” mean in German?;German translation: allein, einsam;1
Englisch;Buch S. 16;Was bedeutet „to let alone“?;in Ruhe lassen;What does “to let alone” mean in German?;German translation: in Ruhe lassen;1
Englisch;Buch S. 16;Was bedeutet „to leave alone“?;in Ruhe lassen;What does “to leave alone” mean in German?;German translation: in Ruhe lassen;1
Englisch;Buch S. 16;Was bedeutet „along“?;längs, entlang, weiter, fort;What does “along” mean in German?;German translation: längs, entlang, weiter, fort;1
Englisch;Buch S. 16;Was bedeutet „go along with him“?;geh mit ihm;What does “go along with him” mean in German?;German translation: geh mit ihm;1
Englisch;Buch S. 16;Was bedeutet „along the road“?;die Straße entlang;What does “along the road” mean in German?;German translation: die Straße entlang;1
Englisch;Buch S. 16;Was bedeutet „already“?;schon, bereits;What does “already” mean in German?;German translation: schon, bereits;1
Englisch;Buch S. 16;Was bedeutet „also“?;auch, ferner, außerdem;What does “also” mean in German?;German translation: auch, ferner, außerdem;1
Englisch;Buch S. 16;Was bedeutet „although“?;obwohl, obgleich;What does “although” mean in German?;German translation: obwohl, obgleich;1
Englisch;Buch S. 16;Was bedeutet „altogether“?;ganz und gar, zusammen;What does “altogether” mean in German?;German translation: ganz und gar, zusammen;1
Englisch;Buch S. 16;Was bedeutet „always“?;immer, stets;What does “always” mean in German?;German translation: immer, stets;1
Englisch;Buch S. 16;Was bedeutet „American“?;amerikanisch, Amerikaner/in;What does “American” mean in German?;German translation: amerikanisch, Amerikaner/in;1
Englisch;Buch S. 16;Was bedeutet „among“?;unter, zwischen;What does “among” mean in German?;German translation: unter, zwischen;1
Englisch;Buch S. 16;Was bedeutet „among other things“?;unter anderem;What does “among other things” mean in German?;German translation: unter anderem;1
Englisch;Buch S. 16;Was bedeutet „he spent the day among friends“?;er verbrachte den Tag mit Freunden;What does “he spent the day among friends” mean in German?;German translation: er verbrachte den Tag mit Freunden;1
Englisch;Buch S. 16;Was bedeutet „amount“?;Betrag, betragen;What does “amount” mean in German?;German translation: Betrag, betragen;1
Englisch;Buch S. 16;Was bedeutet „to amount to“?;sich belaufen auf;What does “to amount to” mean in German?;German translation: sich belaufen auf;1
Englisch;Buch S. 16;Was bedeutet „what's the whole amount?“?;Wie hoch ist der Gesamtbetrag?;What does “what's the whole amount?” mean in German?;German translation: Wie hoch ist der Gesamtbetrag?;1
Englisch;Buch S. 16;Was bedeutet „to amuse“?;unterhalten, belustigen;What does “to amuse” mean in German?;German translation: unterhalten, belustigen;1
Englisch;Buch S. 16;Was bedeutet „ancient“?;alt, ehemalig;What does “ancient” mean in German?;German translation: alt, ehemalig;1
Englisch;Buch S. 16;Was bedeutet „angry“?;zornig, böse;What does “angry” mean in German?;German translation: zornig, böse;1
Englisch;Buch S. 16;Was bedeutet „to be angry with someone“?;auf jemanden böse sein;What does “to be angry with someone” mean in German?;German translation: auf jemanden böse sein;1
Englisch;Buch S. 16;Was bedeutet „to be angry at something“?;über etwas verärgert sein;What does “to be angry at something” mean in German?;German translation: über etwas verärgert sein;1
Englisch;Buch S. 16;Was bedeutet „animal“?;Tier;What does “animal” mean in German?;German translation: Tier;1
Englisch;Buch S. 16;Was bedeutet „another“?;ein anderer, eine andere, noch ein;What does “another” mean in German?;German translation: ein anderer, eine andere, noch ein;1
Englisch;Buch S. 16;Was bedeutet „another piece of meat“?;noch ein Stück Fleisch;What does “another piece of meat” mean in German?;German translation: noch ein Stück Fleisch;1
Englisch;Buch S. 16;Was bedeutet „to walk one after another“?;hintereinandergehen;What does “to walk one after another” mean in German?;German translation: hintereinandergehen;1
Englisch;Buch S. 16;Was bedeutet „they love one another“?;sie lieben sich;What does “they love one another” mean in German?;German translation: sie lieben sich;1
Englisch;Buch S. 16;Was bedeutet „answer“?;Antwort;What does “answer” mean in German?;German translation: Antwort;1
Englisch;Buch S. 16;Was bedeutet „to answer“?;antworten, beantworten, entsprechen;What does “to answer” mean in German?;German translation: antworten, beantworten, entsprechen;1
Englisch;Buch S. 16;Was bedeutet „to answer for“?;bürgen für;What does “to answer for” mean in German?;German translation: bürgen für;1
Englisch;Buch S. 16;Was bedeutet „the answer to this problem“?;die Lösung dieses Problems;What does “the answer to this problem” mean in German?;German translation: die Lösung dieses Problems;1
Englisch;Buch S. 16;Was bedeutet „anxiety“?;Angst, Besorgnis, Bemühen;What does “anxiety” mean in German?;German translation: Angst, Besorgnis, Bemühen;1
Englisch;Buch S. 16;Was bedeutet „anxious (about, for)“?;ängstlich, besorgt um;What does “anxious (about, for)” mean in German?;German translation: ängstlich, besorgt um;1
Englisch;Buch S. 16;Was bedeutet „to be anxious to“?;gespannt darauf sein, etwas zu tun;What does “to be anxious to” mean in German?;German translation: gespannt darauf sein, etwas zu tun;1
Englisch;Buch S. 16;Was bedeutet „any“?;irgendein, jeder beliebige, irgendetwas;What does “any” mean in German?;German translation: irgendein, jeder beliebige, irgendetwas;1
Englisch;Buch S. 16;Was bedeutet „I don't care any more“?;es liegt mir nichts mehr daran;What does “I don't care any more” mean in German?;German translation: es liegt mir nichts mehr daran;1
Englisch;Buch S. 16;Was bedeutet „do you have any money with you?“?;Haben Sie Geld bei sich?;What does “do you have any money with you?” mean in German?;German translation: Haben Sie Geld bei sich?;1
Englisch;Buch S. 16;Was bedeutet „at any rate“?;auf jeden Fall;What does “at any rate” mean in German?;German translation: auf jeden Fall;1
Englisch;Buch S. 16;Was bedeutet „at any price“?;um jeden Preis;What does “at any price” mean in German?;German translation: um jeden Preis;1
Englisch;Buch S. 16;Was bedeutet „anybody“?;irgendjemand, jeder Beliebige;What does “anybody” mean in German?;German translation: irgendjemand, jeder Beliebige;1
Englisch;Buch S. 16;Was bedeutet „anyone“?;irgendjemand, jeder Beliebige;What does “anyone” mean in German?;German translation: irgendjemand, jeder Beliebige;1
Englisch;Buch S. 16;Was bedeutet „anyhow“?;trotzdem, dennoch, irgendwie;What does “anyhow” mean in German?;German translation: trotzdem, dennoch, irgendwie;1
Englisch;Buch S. 16;Was bedeutet „what's the use anyhow!“?;Was nützt das schon!;What does “what's the use anyhow!” mean in German?;German translation: Was nützt das schon!;1
Englisch;Buch S. 17;Was bedeutet „anything“?;irgendetwas, jedes Beliebige;What does “anything” mean in German?;German translation: irgendetwas, jedes Beliebige;1
Englisch;Buch S. 17;Was bedeutet „would you like anything else?“?;Wünschen Sie noch etwas?;What does “would you like anything else?” mean in German?;German translation: Wünschen Sie noch etwas?;1
Englisch;Buch S. 17;Was bedeutet „anything else, madam?“?;Noch etwas, gnädige Frau?;What does “anything else, madam?” mean in German?;German translation: Noch etwas, gnädige Frau?;1
Englisch;Buch S. 17;Was bedeutet „not for anything“?;um keinen Preis;What does “not for anything” mean in German?;German translation: um keinen Preis;1
Englisch;Buch S. 17;Was bedeutet „I don't know anything about it“?;ich weiß nichts davon;What does “I don't know anything about it” mean in German?;German translation: ich weiß nichts davon;1
Englisch;Buch S. 17;Was bedeutet „anywhere“?;irgendwo, irgendwohin, überall;What does “anywhere” mean in German?;German translation: irgendwo, irgendwohin, überall;1
Englisch;Buch S. 17;Was bedeutet „he'll never get anywhere“?;er wird es nie zu etwas bringen;What does “he'll never get anywhere” mean in German?;German translation: er wird es nie zu etwas bringen;1
Englisch;Buch S. 17;Was bedeutet „apart (from)“?;abseits, abgesondert, abgesehen von;What does “apart (from)” mean in German?;German translation: abseits, abgesondert, abgesehen von;1
Englisch;Buch S. 17;Was bedeutet „to appear“?;scheinen, erscheinen;What does “to appear” mean in German?;German translation: scheinen, erscheinen;1
Englisch;Buch S. 17;Was bedeutet „he appears to be very sick“?;er scheint sehr krank zu sein;What does “he appears to be very sick” mean in German?;German translation: er scheint sehr krank zu sein;1
Englisch;Buch S. 17;Was bedeutet „appearance“?;Anschein, Äußeres, Erscheinung;What does “appearance” mean in German?;German translation: Anschein, Äußeres, Erscheinung;1
Englisch;Buch S. 17;Was bedeutet „to keep up appearances“?;den Schein wahren;What does “to keep up appearances” mean in German?;German translation: den Schein wahren;1
Englisch;Buch S. 17;Was bedeutet „appearances are deceiving“?;der Schein trügt;What does “appearances are deceiving” mean in German?;German translation: der Schein trügt;1
Englisch;Buch S. 17;Was bedeutet „apple“?;Apfel;What does “apple” mean in German?;German translation: Apfel;1
Englisch;Buch S. 17;Was bedeutet „application“?;Anwendung, Fleiß, Bewerbung;What does “application” mean in German?;German translation: Anwendung, Fleiß, Bewerbung;1
Englisch;Buch S. 17;Was bedeutet „to apply (to)“?;anwenden auf, auftragen, anlegen;What does “to apply (to)” mean in German?;German translation: anwenden auf, auftragen, anlegen;1
Englisch;Buch S. 17;Was bedeutet „this does not apply to you“?;das gilt nicht für dich;What does “this does not apply to you” mean in German?;German translation: das gilt nicht für dich;1
Englisch;Buch S. 17;Was bedeutet „he applied for the job“?;er bewarb sich um die Stelle;What does “he applied for the job” mean in German?;German translation: er bewarb sich um die Stelle;1
Englisch;Buch S. 17;Was bedeutet „to appoint“?;festsetzen, bestimmen, ernennen;What does “to appoint” mean in German?;German translation: festsetzen, bestimmen, ernennen;1
Englisch;Buch S. 17;Was bedeutet „he was appointed manager“?;er wurde zum Direktor ernannt;What does “he was appointed manager” mean in German?;German translation: er wurde zum Direktor ernannt;1
Englisch;Buch S. 17;Was bedeutet „appointment“?;Ernennung, Anordnung, Verabredung, Termin;What does “appointment” mean in German?;German translation: Ernennung, Anordnung, Verabredung, Termin;1
Englisch;Buch S. 17;Was bedeutet „to approach“?;sich nähern, herantreten an;What does “to approach” mean in German?;German translation: sich nähern, herantreten an;1
Englisch;Buch S. 17;Was bedeutet „to approve of something“?;etwas billigen, etwas gutheißen;What does “to approve of something” mean in German?;German translation: etwas billigen, etwas gutheißen;1
Englisch;Buch S. 17;Was bedeutet „to argue“?;behaupten, bestreiten, Einwendungen machen, streiten;What does “to argue” mean in German?;German translation: behaupten, bestreiten, Einwendungen machen, streiten;1
Englisch;Buch S. 17;Was bedeutet „I won't argue that point“?;das will ich nicht bestreiten;What does “I won't argue that point” mean in German?;German translation: das will ich nicht bestreiten;1
Englisch;Buch S. 17;Was bedeutet „to arise (arose, arisen)“?;aufstehen, aufsteigen, entstehen;What does “to arise (arose, arisen)” mean in German?;German translation: aufstehen, aufsteigen, entstehen;1
Englisch;Buch S. 17;Was bedeutet „the opportunity arises“?;die Gelegenheit bietet sich;What does “the opportunity arises” mean in German?;German translation: die Gelegenheit bietet sich;1
Englisch;Buch S. 17;Was bedeutet „arm“?;Arm, Abzweigung, Armlehne;What does “arm” mean in German?;German translation: Arm, Abzweigung, Armlehne;1
Englisch;Buch S. 17;Was bedeutet „to welcome someone with open arms“?;jemanden mit offenen Armen empfangen;What does “to welcome someone with open arms” mean in German?;German translation: jemanden mit offenen Armen empfangen;1
Englisch;Buch S. 17;Was bedeutet „arms“?;Waffen;What does “arms” mean in German?;German translation: Waffen;1
Englisch;Buch S. 17;Was bedeutet „to be under arms“?;in Waffen stehen;What does “to be under arms” mean in German?;German translation: in Waffen stehen;1
Englisch;Buch S. 17;Was bedeutet „army“?;Heer, Armee;What does “army” mean in German?;German translation: Heer, Armee;1
Englisch;Buch S. 17;Was bedeutet „around“?;ringsherum, ungefähr, um ... herum;What does “around” mean in German?;German translation: ringsherum, ungefähr, um ... herum;1
Englisch;Buch S. 17;Was bedeutet „is there anybody around?“?;Ist jemand in der Nähe?;What does “is there anybody around?” mean in German?;German translation: Ist jemand in der Nähe?;1
Englisch;Buch S. 17;Was bedeutet „to arrange“?;anordnen, einrichten, vereinbaren, abmachen;What does “to arrange” mean in German?;German translation: anordnen, einrichten, vereinbaren, abmachen;1
Englisch;Buch S. 17;Was bedeutet „to arrange a meeting“?;ein Treffen organisieren;What does “to arrange a meeting” mean in German?;German translation: ein Treffen organisieren;1
Englisch;Buch S. 18;Was bedeutet „I arranged it in advance“?;ich habe es im Voraus ausgemacht;What does “I arranged it in advance” mean in German?;German translation: ich habe es im Voraus ausgemacht;1
Englisch;Buch S. 18;Was bedeutet „arrangement“?;Anordnung, Abmachung;What does “arrangement” mean in German?;German translation: Anordnung, Abmachung;1
Englisch;Buch S. 18;Was bedeutet „to make arrangements“?;Vorkehrungen treffen;What does “to make arrangements” mean in German?;German translation: Vorkehrungen treffen;1
Englisch;Buch S. 18;Was bedeutet „to arrest“?;verhaften, anhalten;What does “to arrest” mean in German?;German translation: verhaften, anhalten;1
Englisch;Buch S. 18;Was bedeutet „to arrest attention“?;Aufmerksamkeit erregen;What does “to arrest attention” mean in German?;German translation: Aufmerksamkeit erregen;1
Englisch;Buch S. 18;Was bedeutet „arrival“?;Ankunft;What does “arrival” mean in German?;German translation: Ankunft;1
Englisch;Buch S. 18;Was bedeutet „to arrive“?;ankommen;What does “to arrive” mean in German?;German translation: ankommen;1
Englisch;Buch S. 18;Was bedeutet „to arrive at a decision“?;zu einer Entscheidung gelangen;What does “to arrive at a decision” mean in German?;German translation: zu einer Entscheidung gelangen;1
Englisch;Buch S. 18;Was bedeutet „art“?;Kunst, List;What does “art” mean in German?;German translation: Kunst, List;1
Englisch;Buch S. 18;Was bedeutet „work of art“?;Kunstwerk;What does “work of art” mean in German?;German translation: Kunstwerk;1
Englisch;Buch S. 18;Was bedeutet „article“?;Artikel, Gegenstand, Abschnitt;What does “article” mean in German?;German translation: Artikel, Gegenstand, Abschnitt;1
Englisch;Buch S. 18;Was bedeutet „as“?;als, wie, da, weil, während, obwohl;What does “as” mean in German?;German translation: als, wie, da, weil, während, obwohl;1
Englisch;Buch S. 18;Was bedeutet „as far as“?;so weit wie;What does “as far as” mean in German?;German translation: so weit wie;1
Englisch;Buch S. 18;Was bedeutet „we have to go as well“?;wir müssen auch gehen;What does “we have to go as well” mean in German?;German translation: wir müssen auch gehen;1
Englisch;Buch S. 18;Was bedeutet „as for me“?;was mich betrifft;What does “as for me” mean in German?;German translation: was mich betrifft;1
Englisch;Buch S. 18;Was bedeutet „so as to“?;um ... zu;What does “so as to” mean in German?;German translation: um ... zu;1
Englisch;Buch S. 18;Was bedeutet „ashamed“?;beschämt;What does “ashamed” mean in German?;German translation: beschämt;1
Englisch;Buch S. 18;Was bedeutet „to be ashamed of something“?;sich für etwas schämen;What does “to be ashamed of something” mean in German?;German translation: sich für etwas schämen;1
Englisch;Buch S. 18;Was bedeutet „to feel ashamed of something“?;sich für etwas schämen;What does “to feel ashamed of something” mean in German?;German translation: sich für etwas schämen;1
Englisch;Buch S. 18;Was bedeutet „ashes“?;Asche;What does “ashes” mean in German?;German translation: Asche;1
Englisch;Buch S. 18;Was bedeutet „aside“?;beiseite;What does “aside” mean in German?;German translation: beiseite;1
Englisch;Buch S. 18;Was bedeutet „aside from“?;abgesehen von, außerdem;What does “aside from” mean in German?;German translation: abgesehen von, außerdem;1
Englisch;Buch S. 18;Was bedeutet „to put aside“?;beiseitelegen, zurücklegen;What does “to put aside” mean in German?;German translation: beiseitelegen, zurücklegen;1
Englisch;Buch S. 18;Was bedeutet „step aside“?;geh zur Seite;What does “step aside” mean in German?;German translation: geh zur Seite;1
Englisch;Buch S. 18;Was bedeutet „to ask (for)“?;fragen nach, bitten um, fordern;What does “to ask (for)” mean in German?;German translation: fragen nach, bitten um, fordern;1
Englisch;Buch S. 18;Was bedeutet „to ask a favour“?;um einen Gefallen bitten;What does “to ask a favour” mean in German?;German translation: um einen Gefallen bitten;1
Englisch;Buch S. 18;Was bedeutet „to ask a question“?;eine Frage stellen;What does “to ask a question” mean in German?;German translation: eine Frage stellen;1
Englisch;Buch S. 18;Was bedeutet „I asked his advice“?;ich habe ihn um Rat gefragt;What does “I asked his advice” mean in German?;German translation: ich habe ihn um Rat gefragt;1
Englisch;Buch S. 18;Was bedeutet „ask him in“?;bitte ihn herein;What does “ask him in” mean in German?;German translation: bitte ihn herein;1
Englisch;Buch S. 18;Was bedeutet „to ask about“?;sich erkundigen nach;What does “to ask about” mean in German?;German translation: sich erkundigen nach;1
Englisch;Buch S. 18;Was bedeutet „asleep“?;schlafend;What does “asleep” mean in German?;German translation: schlafend;1
Englisch;Buch S. 18;Was bedeutet „he fell asleep“?;er schlief ein;What does “he fell asleep” mean in German?;German translation: er schlief ein;1
Englisch;Buch S. 18;Was bedeutet „association“?;Vereinigung, Gesellschaft, Verband;What does “association” mean in German?;German translation: Vereinigung, Gesellschaft, Verband;1
Englisch;Buch S. 18;Was bedeutet „to astonish“?;erstaunen, in Erstaunen versetzen;What does “to astonish” mean in German?;German translation: erstaunen, in Erstaunen versetzen;1
Englisch;Buch S. 18;Was bedeutet „at“?;an, auf, in, über, um, zu;What does “at” mean in German?;German translation: an, auf, in, über, um, zu;1
Englisch;Buch S. 18;Was bedeutet „at my cost“?;auf meine Kosten;What does “at my cost” mean in German?;German translation: auf meine Kosten;1
Englisch;Buch S. 18;Was bedeutet „at all costs“?;um jeden Preis;What does “at all costs” mean in German?;German translation: um jeden Preis;1
Englisch;Buch S. 18;Was bedeutet „at all events“?;auf jeden Fall;What does “at all events” mean in German?;German translation: auf jeden Fall;1
Englisch;Buch S. 18;Was bedeutet „at hand“?;bei der Hand, in Reichweite;What does “at hand” mean in German?;German translation: bei der Hand, in Reichweite;1
Englisch;Buch S. 18;Was bedeutet „at last“?;zuletzt, endlich;What does “at last” mean in German?;German translation: zuletzt, endlich;1
Englisch;Buch S. 18;Was bedeutet „at least“?;wenigstens, mindestens;What does “at least” mean in German?;German translation: wenigstens, mindestens;1
Englisch;Buch S. 18;Was bedeutet „at night“?;nachts;What does “at night” mean in German?;German translation: nachts;1
Englisch;Buch S. 18;Was bedeutet „at school“?;in der Schule;What does “at school” mean in German?;German translation: in der Schule;1
Englisch;Buch S. 18;Was bedeutet „at table“?;bei Tisch;What does “at table” mean in German?;German translation: bei Tisch;1
Englisch;Buch S. 18;Was bedeutet „at will“?;nach Belieben;What does “at will” mean in German?;German translation: nach Belieben;1
Englisch;Buch S. 18;Was bedeutet „to attach (to)“?;befestigen an;What does “to attach (to)” mean in German?;German translation: befestigen an;1
Englisch;Buch S. 18;Was bedeutet „to be attached to“?;hängen an, verbunden sein mit;What does “to be attached to” mean in German?;German translation: hängen an, verbunden sein mit;1
Englisch;Buch S. 18;Was bedeutet „to attach importance“?;Bedeutung beimessen;What does “to attach importance” mean in German?;German translation: Bedeutung beimessen;1
Englisch;Buch S. 19;Was bedeutet „to attack“?;angreifen;What does “to attack” mean in German?;German translation: angreifen;1
Englisch;Buch S. 19;Was bedeutet „attack“?;Angriff, Anfall;What does “attack” mean in German?;German translation: Angriff, Anfall;1
Englisch;Buch S. 19;Was bedeutet „attempt“?;Versuch;What does “attempt” mean in German?;German translation: Versuch;1
Englisch;Buch S. 19;Was bedeutet „to attempt“?;versuchen;What does “to attempt” mean in German?;German translation: versuchen;1
Englisch;Buch S. 19;Was bedeutet „to attend“?;besuchen, beiwohnen, behandeln;What does “to attend” mean in German?;German translation: besuchen, beiwohnen, behandeln;1
Englisch;Buch S. 19;Was bedeutet „to attend on someone“?;jemanden bedienen, sich um jemanden kümmern;What does “to attend on someone” mean in German?;German translation: jemanden bedienen, sich um jemanden kümmern;1
Englisch;Buch S. 19;Was bedeutet „to attend to someone“?;sich um jemanden kümmern;What does “to attend to someone” mean in German?;German translation: sich um jemanden kümmern;1
Englisch;Buch S. 19;Was bedeutet „they attend the meeting“?;sie besuchen die Versammlung;What does “they attend the meeting” mean in German?;German translation: sie besuchen die Versammlung;1
Englisch;Buch S. 19;Was bedeutet „which doctor attended you?“?;Welcher Arzt hat Sie behandelt?;What does “which doctor attended you?” mean in German?;German translation: Welcher Arzt hat Sie behandelt?;1
Englisch;Buch S. 19;Was bedeutet „attention“?;Aufmerksamkeit;What does “attention” mean in German?;German translation: Aufmerksamkeit;1
Englisch;Buch S. 19;Was bedeutet „to call attention to“?;aufmerksam machen auf;What does “to call attention to” mean in German?;German translation: aufmerksam machen auf;1
Englisch;Buch S. 19;Was bedeutet „to pay attention to“?;achten auf;What does “to pay attention to” mean in German?;German translation: achten auf;1
Englisch;Buch S. 19;Was bedeutet „to attract“?;anziehen, fesseln;What does “to attract” mean in German?;German translation: anziehen, fesseln;1
Englisch;Buch S. 19;Was bedeutet „without attracting attention“?;unauffällig, ohne Aufmerksamkeit zu erregen;What does “without attracting attention” mean in German?;German translation: unauffällig, ohne Aufmerksamkeit zu erregen;1
Englisch;Buch S. 19;Was bedeutet „attraction“?;Anziehungskraft, Attraktion;What does “attraction” mean in German?;German translation: Anziehungskraft, Attraktion;1
Englisch;Buch S. 19;Was bedeutet „aunt“?;Tante;What does “aunt” mean in German?;German translation: Tante;1
Englisch;Buch S. 19;Was bedeutet „autumn“?;Herbst;What does “autumn” mean in German?;German translation: Herbst;1
Englisch;Buch S. 19;Was bedeutet „available“?;verfügbar;What does “available” mean in German?;German translation: verfügbar;1
Englisch;Buch S. 19;Was bedeutet „to be available“?;erhältlich, zugänglich sein;What does “to be available” mean in German?;German translation: erhältlich, zugänglich sein;1
Englisch;Buch S. 19;Was bedeutet „average“?;Durchschnitt;What does “average” mean in German?;German translation: Durchschnitt;1
Englisch;Buch S. 19;Was bedeutet „above average“?;über dem Durchschnitt;What does “above average” mean in German?;German translation: über dem Durchschnitt;1
Englisch;Buch S. 19;Was bedeutet „below average“?;unter dem Durchschnitt;What does “below average” mean in German?;German translation: unter dem Durchschnitt;1
Englisch;Buch S. 19;Was bedeutet „on an average“?;durchschnittlich;What does “on an average” mean in German?;German translation: durchschnittlich;1
Englisch;Buch S. 19;Was bedeutet „on the average“?;durchschnittlich;What does “on the average” mean in German?;German translation: durchschnittlich;1
Englisch;Buch S. 19;Was bedeutet „to avoid“?;vermeiden;What does “to avoid” mean in German?;German translation: vermeiden;1
Englisch;Buch S. 19;Was bedeutet „awake“?;wach;What does “awake” mean in German?;German translation: wach;1
Englisch;Buch S. 19;Was bedeutet „aware“?;bewusst, gewahr;What does “aware” mean in German?;German translation: bewusst, gewahr;1
Englisch;Buch S. 19;Was bedeutet „away“?;weg, fort, entfernt, abwesend;What does “away” mean in German?;German translation: weg, fort, entfernt, abwesend;1
Englisch;Buch S. 19;Was bedeutet „to put away“?;weglegen;What does “to put away” mean in German?;German translation: weglegen;1
Englisch;Buch S. 19;Was bedeutet „to throw away“?;wegwerfen;What does “to throw away” mean in German?;German translation: wegwerfen;1
Englisch;Buch S. 19;Was bedeutet „it's far away“?;es ist weit entfernt;What does “it's far away” mean in German?;German translation: es ist weit entfernt;1
Englisch;Buch S. 19;Was bedeutet „he slept away the day“?;er verschlief den Tag;What does “he slept away the day” mean in German?;German translation: er verschlief den Tag;1
Englisch;Buch S. 19;Was bedeutet „right away“?;sofort, auf der Stelle;What does “right away” mean in German?;German translation: sofort, auf der Stelle;1
Englisch;Buch S. 19;Was bedeutet „awful“?;schrecklich, furchtbar;What does “awful” mean in German?;German translation: schrecklich, furchtbar;1
Englisch;Buch S. 19;Was bedeutet „I'm awfully sorry“?;es tut mir furchtbar leid;What does “I'm awfully sorry” mean in German?;German translation: es tut mir furchtbar leid;1
Englisch;Buch S. 19;Was bedeutet „baby“?;Säugling, Baby;What does “baby” mean in German?;German translation: Säugling, Baby;1
Englisch;Buch S. 19;Was bedeutet „back“?;Rücken, Rückseite, zurück;What does “back” mean in German?;German translation: Rücken, Rückseite, zurück;1
Englisch;Buch S. 19;Was bedeutet „at the back of the house“?;hinter dem Haus;What does “at the back of the house” mean in German?;German translation: hinter dem Haus;1
Englisch;Buch S. 19;Was bedeutet „back and forth“?;auf und ab, hin und her;What does “back and forth” mean in German?;German translation: auf und ab, hin und her;1
Englisch;Buch S. 19;Was bedeutet „back up a little“?;fahr ein Stück zurück;What does “back up a little” mean in German?;German translation: fahr ein Stück zurück;1
Englisch;Buch S. 19;Was bedeutet „backward(s)“?;rückwärts, nach hinten;What does “backward(s)” mean in German?;German translation: rückwärts, nach hinten;1
Englisch;Buch S. 19;Was bedeutet „you've got that sweater on backwards“?;du hast den Pullover verkehrt herum an;What does “you've got that sweater on backwards” mean in German?;German translation: du hast den Pullover verkehrt herum an;1
Englisch;Buch S. 19;Was bedeutet „bad (worse, worst)“?;schlecht, schlimm, übel (schlechter, am schlechtesten);What does “bad (worse, worst)” mean in German?;German translation: schlecht, schlimm, übel (schlechter, am schlechtesten);1
Englisch;Buch S. 19;Was bedeutet „I'm badly off“?;ich bin schlecht dran;What does “I'm badly off” mean in German?;German translation: ich bin schlecht dran;1
Englisch;Buch S. 19;Was bedeutet „that's not bad“?;das ist nicht schlecht, ganz gut;What does “that's not bad” mean in German?;German translation: das ist nicht schlecht, ganz gut;1
Englisch;Buch S. 19;Was bedeutet „he feels very bad about it“?;es tut ihm sehr leid;What does “he feels very bad about it” mean in German?;German translation: es tut ihm sehr leid;1
Englisch;Handschriftliche Liste 1;Was bedeutet „afterlife“?;Leben nach dem Tod, Jenseits;What does “afterlife” mean in German?;German translation: Leben nach dem Tod, Jenseits;1
Englisch;Handschriftliche Liste 1;Was bedeutet „stern“?;streng, ernst, unerbittlich;What does “stern” mean in German?;German translation: streng, ernst, unerbittlich;1
Englisch;Handschriftliche Liste 1;Was bedeutet „gloomy“?;düster, trüb, niedergeschlagen;What does “gloomy” mean in German?;German translation: düster, trüb, niedergeschlagen;1
Englisch;Handschriftliche Liste 1;Was bedeutet „corned beef“?;Pökelfleisch, Corned Beef;What does “corned beef” mean in German?;German translation: Pökelfleisch, Corned Beef;1
Englisch;Handschriftliche Liste 1;Was bedeutet „indeed“?;tatsächlich, in der Tat, wirklich;What does “indeed” mean in German?;German translation: tatsächlich, in der Tat, wirklich;1
Englisch;Handschriftliche Liste 1;Was bedeutet „snigger“?;kichern, hämisch lachen;What does “snigger” mean in German?;German translation: kichern, hämisch lachen;1
Englisch;Handschriftliche Liste 1;Was bedeutet „sneer“?;höhnisch grinsen, spotten;What does “sneer” mean in German?;German translation: höhnisch grinsen, spotten;1
Englisch;Handschriftliche Liste 1;Was bedeutet „scowling“?;finster blickend, böse dreinschauend;What does “scowling” mean in German?;German translation: finster blickend, böse dreinschauend;1
Englisch;Handschriftliche Liste 1;Was bedeutet „glared“?;starrte wütend an, funkelte böse an;What does “glared” mean in German?;German translation: starrte wütend an, funkelte böse an;1
Englisch;Handschriftliche Liste 1;Was bedeutet „stomach“?;Magen, Bauch;What does “stomach” mean in German?;German translation: Magen, Bauch;1
Englisch;Handschriftliche Liste 1;Was bedeutet „shore“?;Ufer, Küste;What does “shore” mean in German?;German translation: Ufer, Küste;1
Englisch;Handschriftliche Liste 1;Was bedeutet „smooth“?;glatt, geschmeidig, gleichmäßig;What does “smooth” mean in German?;German translation: glatt, geschmeidig, gleichmäßig;1
Englisch;Handschriftliche Liste 1;Was bedeutet „magnificent“?;großartig, prächtig, beeindruckend;What does “magnificent” mean in German?;German translation: großartig, prächtig, beeindruckend;1
Englisch;Handschriftliche Liste 1;Was bedeutet „noble“?;edel, vornehm, adlig;What does “noble” mean in German?;German translation: edel, vornehm, adlig;1
Englisch;Handschriftliche Liste 1;Was bedeutet „catcalling“?;Hinterherrufen, anzügliche Zurufe;What does “catcalling” mean in German?;German translation: Hinterherrufen, anzügliche Zurufe;1
Englisch;Handschriftliche Liste 1;Was bedeutet „jerked“?;ruckte, zuckte, riss;What does “jerked” mean in German?;German translation: ruckte, zuckte, riss;1
Englisch;Handschriftliche Liste 1;Was bedeutet „peculiar“?;seltsam, eigenartig, ungewöhnlich;What does “peculiar” mean in German?;German translation: seltsam, eigenartig, ungewöhnlich;1
Englisch;Handschriftliche Liste 1;Was bedeutet „remains of“?;Überreste von, Reste von;What does “remains of” mean in German?;German translation: Überreste von, Reste von;1
Englisch;Handschriftliche Liste 1;Was bedeutet „gulp“?;schlucken, hinunterschlucken, großer Schluck;What does “gulp” mean in German?;German translation: schlucken, hinunterschlucken, großer Schluck;1
Englisch;Handschriftliche Liste 1;Was bedeutet „shut out“?;ausschließen, aussperren;What does “shut out” mean in German?;German translation: ausschließen, aussperren;1
Englisch;Handschriftliche Liste 1;Was bedeutet „cozy“?;gemütlich, behaglich;What does “cozy” mean in German?;German translation: gemütlich, behaglich;1
Englisch;Handschriftliche Liste 1;Was bedeutet „watch out“?;pass auf, Vorsicht;What does “watch out” mean in German?;German translation: pass auf, Vorsicht;1
Englisch;Handschriftliche Liste 1;Was bedeutet „destiny“?;Schicksal, Bestimmung;What does “destiny” mean in German?;German translation: Schicksal, Bestimmung;1
Englisch;Handschriftliche Liste 1;Was bedeutet „gift“?;Geschenk, Gabe;What does “gift” mean in German?;German translation: Geschenk, Gabe;1
Englisch;Handschriftliche Liste 1;Was bedeutet „desperate“?;verzweifelt, hoffnungslos;What does “desperate” mean in German?;German translation: verzweifelt, hoffnungslos;1
Englisch;Handschriftliche Liste 1;Was bedeutet „stranded“?;gestrandet, festsitzend;What does “stranded” mean in German?;German translation: gestrandet, festsitzend;1
Englisch;Handschriftliche Liste 1;Was bedeutet „stunned“?;verblüfft, fassungslos, sprachlos;What does “stunned” mean in German?;German translation: verblüfft, fassungslos, sprachlos;1
Englisch;Handschriftliche Liste 1;Was bedeutet „drift“?;treiben, abdriften, Strömung;What does “drift” mean in German?;German translation: treiben, abdriften, Strömung;1
Englisch;Handschriftliche Liste 1;Was bedeutet „swept around“?;herumgewirbelt, herumgerissen;What does “swept around” mean in German?;German translation: herumgewirbelt, herumgerissen;1
Englisch;Handschriftliche Liste 1;Was bedeutet „eager“?;begierig, eifrig, voller Vorfreude;What does “eager” mean in German?;German translation: begierig, eifrig, voller Vorfreude;1
Englisch;Handschriftliche Liste 1;Was bedeutet „to be pleased“?;erfreut sein, zufrieden sein;What does “to be pleased” mean in German?;German translation: erfreut sein, zufrieden sein;1
Englisch;Handschriftliche Liste 1;Was bedeutet „scowl“?;finster blicken, böse schauen;What does “scowl” mean in German?;German translation: finster blicken, böse schauen;1
Englisch;Handschriftliche Liste 1;Was bedeutet „nasty“?;gemein, unangenehm, widerlich;What does “nasty” mean in German?;German translation: gemein, unangenehm, widerlich;1
Englisch;Handschriftliche Liste 1;Was bedeutet „lazy“?;faul, träge;What does “lazy” mean in German?;German translation: faul, träge;1
Englisch;Handschriftliche Liste 1;Was bedeutet „to gather“?;sammeln, versammeln, zusammentragen;What does “to gather” mean in German?;German translation: sammeln, versammeln, zusammentragen;1
Englisch;Handschriftliche Liste 1;Was bedeutet „to sweep along“?;mitreißen, fortspülen;What does “to sweep along” mean in German?;German translation: mitreißen, fortspülen;1
Englisch;Handschriftliche Liste 1;Was bedeutet „gasp“?;nach Luft schnappen, keuchen;What does “gasp” mean in German?;German translation: nach Luft schnappen, keuchen;1
Englisch;Handschriftliche Liste 1;Was bedeutet „idle“?;untätig, müßig, faul;What does “idle” mean in German?;German translation: untätig, müßig, faul;1
Englisch;Handschriftliche Liste 1;Was bedeutet „naughty“?;unartig, frech;What does “naughty” mean in German?;German translation: unartig, frech;1
Englisch;Handschriftliche Liste 1;Was bedeutet „thunderous“?;donnernd, ohrenbetäubend;What does “thunderous” mean in German?;German translation: donnernd, ohrenbetäubend;1
Englisch;Handschriftliche Liste 1;Was bedeutet „tremble“?;zittern, beben;What does “tremble” mean in German?;German translation: zittern, beben;1
Englisch;Handschriftliche Liste 1;Was bedeutet „keen“?;begeistert, eifrig, interessiert;What does “keen” mean in German?;German translation: begeistert, eifrig, interessiert;1
Englisch;Handschriftliche Liste 1;Was bedeutet „quite keen“?;ziemlich begeistert, recht interessiert;What does “quite keen” mean in German?;German translation: ziemlich begeistert, recht interessiert;1
Englisch;Handschriftliche Liste 2;Was bedeutet „vain“?;eitel, vergeblich;What does “vain” mean in German?;German translation: eitel, vergeblich;1
Englisch;Handschriftliche Liste 2;Was bedeutet „feast“?;Festmahl, Festessen, Fest;What does “feast” mean in German?;German translation: Festmahl, Festessen, Fest;1
Englisch;Handschriftliche Liste 2;Was bedeutet „pear“?;Birne;What does “pear” mean in German?;German translation: Birne;1
Englisch;Handschriftliche Liste 2;Was bedeutet „grudge“?;Groll, Missgunst, jemandem etwas nachtragen;What does “grudge” mean in German?;German translation: Groll, Missgunst, jemandem etwas nachtragen;1
Englisch;Handschriftliche Liste 2;Was bedeutet „numbing“?;betäubend, gefühllos machend;What does “numbing” mean in German?;German translation: betäubend, gefühllos machend;1
Englisch;Handschriftliche Liste 2;Was bedeutet „faint“?;schwach, ohnmächtig;What does “faint” mean in German?;German translation: schwach, ohnmächtig;1
Englisch;Handschriftliche Liste 2;Was bedeutet „muffling“?;Dämpfung, das Abdämpfen von Geräuschen;What does “muffling” mean in German?;German translation: Dämpfung, das Abdämpfen von Geräuschen;1
Englisch;Handschriftliche Liste 2;Was bedeutet „tidy“?;ordentlich, aufgeräumt;What does “tidy” mean in German?;German translation: ordentlich, aufgeräumt;1
Englisch;Handschriftliche Liste 2;Was bedeutet „fate“?;Schicksal;What does “fate” mean in German?;German translation: Schicksal;1
Englisch;Handschriftliche Liste 2;Was bedeutet „groan“?;stöhnen, ächzen;What does “groan” mean in German?;German translation: stöhnen, ächzen;1
Englisch;Handschriftliche Liste 2;Was bedeutet „chimney“?;Schornstein, Kamin;What does “chimney” mean in German?;German translation: Schornstein, Kamin;1
Englisch;Handschriftliche Liste 2;Was bedeutet „littered“?;übersät mit, vermüllt;What does “littered” mean in German?;German translation: übersät mit, vermüllt;1
Englisch;Handschriftliche Liste 2;Was bedeutet „fond“?;zugetan, liebevoll;What does “fond” mean in German?;German translation: zugetan, liebevoll;1
Englisch;Handschriftliche Liste 2;Was bedeutet „choking noise“?;würgendes Geräusch, Erstickungsgeräusch;What does “choking noise” mean in German?;German translation: würgendes Geräusch, Erstickungsgeräusch;1
Englisch;Handschriftliche Liste 2;Was bedeutet „gloomily“?;düster, niedergeschlagen;What does “gloomily” mean in German?;German translation: düster, niedergeschlagen;1
Englisch;Handschriftliche Liste 2;Was bedeutet „jerks“?;Rucke, ruckartige Bewegungen;What does “jerks” mean in German?;German translation: Rucke, ruckartige Bewegungen;1
Englisch;Handschriftliche Liste 2;Was bedeutet „mutter“?;murmeln, vor sich hinsprechen;What does “mutter” mean in German?;German translation: murmeln, vor sich hinsprechen;1
Englisch;Handschriftliche Liste 2;Was bedeutet „kB (kilobyte)“?;Kilobyte, 1.000 Bytes;What does “kB (kilobyte)” mean in German?;German translation: Kilobyte, 1.000 Bytes;1
Englisch;Handschriftliche Liste 2;Was bedeutet „MB (megabyte)“?;Megabyte, 1.000.000 Bytes;What does “MB (megabyte)” mean in German?;German translation: Megabyte, 1.000.000 Bytes;1
Englisch;Handschriftliche Liste 2;Was bedeutet „GB (gigabyte)“?;Gigabyte, 1.000.000.000 Bytes;What does “GB (gigabyte)” mean in German?;German translation: Gigabyte, 1.000.000.000 Bytes;1
Englisch;Handschriftliche Liste 2;Was bedeutet „TB (terabyte)“?;Terabyte, 1.000.000.000.000 Bytes;What does “TB (terabyte)” mean in German?;German translation: Terabyte, 1.000.000.000.000 Bytes;1
Englisch;Handschriftliche Liste 3;Was bedeutet „drills“?;Bohrmaschinen, Bohrer;What does “drills” mean in German?;German translation: Bohrmaschinen, Bohrer;1
Englisch;Handschriftliche Liste 3;Was bedeutet „fences“?;Zäune;What does “fences” mean in German?;German translation: Zäune;1
Englisch;Handschriftliche Liste 3;Was bedeutet „garden fence“?;Gartenzaun;What does “garden fence” mean in German?;German translation: Gartenzaun;1
Englisch;Handschriftliche Liste 3;Was bedeutet „craning“?;den Hals recken, sich strecken, um etwas zu sehen;What does “craning” mean in German?;German translation: den Hals recken, sich strecken, um etwas zu sehen;1
Englisch;Handschriftliche Liste 3;Was bedeutet „dull“?;langweilig, stumpf, glanzlos;What does “dull” mean in German?;German translation: langweilig, stumpf, glanzlos;1
Englisch;Handschriftliche Liste 3;Was bedeutet „tie“?;Krawatte, binden;What does “tie” mean in German?;German translation: Krawatte, binden;1
Englisch;Handschriftliche Liste 3;Was bedeutet „wrestled“?;rang, gerungen, gekämpft;What does “wrestled” mean in German?;German translation: rang, gerungen, gekämpft;1
Englisch;Handschriftliche Liste 3;Was bedeutet „tawny“?;gelbbraun, falb;What does “tawny” mean in German?;German translation: gelbbraun, falb;1
Englisch;Handschriftliche Liste 3;Was bedeutet „perched“?;saß erhöht, hockte, thronte;What does “perched” mean in German?;German translation: saß erhöht, hockte, thronte;1
Englisch;Handschriftliche Liste 3;Was bedeutet „perched on the creek“?;über dem Bach sitzend;What does “perched on the creek” mean in German?;German translation: über dem Bach sitzend;1
Englisch;Handschriftliche Liste 3;Was bedeutet „tantrum“?;Wutanfall, Trotzanfall;What does “tantrum” mean in German?;German translation: Wutanfall, Trotzanfall;1
Englisch;Handschriftliche Liste 3;Was bedeutet „little tyke“?;kleiner Fratz, kleiner Racker;What does “little tyke” mean in German?;German translation: kleiner Fratz, kleiner Racker;1
Englisch;Handschriftliche Liste 3;Was bedeutet „chortle“?;glucksend lachen, kichern;What does “chortle” mean in German?;German translation: glucksend lachen, kichern;1
Englisch;Handschriftliche Liste 3;Was bedeutet „mackintosh“?;Regenmantel;What does “mackintosh” mean in German?;German translation: Regenmantel;1
Englisch;Handschriftliche Liste 3;Was bedeutet „subscribe“?;abonnieren, unterzeichnen;What does “subscribe” mean in German?;German translation: abonnieren, unterzeichnen;1
Englisch;Handschriftliche Liste 3;Was bedeutet „engineering“?;Ingenieurwesen, Technik;What does “engineering” mean in German?;German translation: Ingenieurwesen, Technik;1
Englisch;Handschriftliche Liste 3;Was bedeutet „enable“?;ermöglichen, befähigen;What does “enable” mean in German?;German translation: ermöglichen, befähigen;1
Englisch;Zusatzwörter;Was bedeutet „to enhance“?;verbessern, steigern, verstärken;What does “to enhance” mean in German?;German translation: verbessern, steigern, verstärken;1
Englisch;Zusatzwörter;Was bedeutet „issue“?;Thema, Problem, Angelegenheit, Ausgabe;What does “issue” mean in German?;German translation: Thema, Problem, Angelegenheit, Ausgabe;1
Englisch;Zusatzwörter;Was bedeutet „delay“?;Verzögerung, Verspätung, verzögern;What does “delay” mean in German?;German translation: Verzögerung, Verspätung, verzögern;1
