subcategory;front_de;back_de;front_en;back_en;is_bidirectional
Generator & elektromagnetische Induktion;Welche Energieumwandlung findet in einem Generator statt?;Ein Generator wandelt mechanische Energie (Bewegung) in elektrische Energie um. Das geschieht, indem sich ein Magnetfeld relativ zu einem Leiter bewegt und dadurch eine Spannung induziert wird.;What energy conversion takes place in a generator?;A generator converts mechanical energy (motion) into electrical energy. This happens when a magnetic field moves relative to a conductor and induces a voltage.;0
Generator & elektromagnetische Induktion;Was versteht man unter elektromagnetischer Induktion?;Induktion bedeutet: Ändert sich der magnetische Fluss durch eine Spule oder einen Leiter, entsteht dadurch eine elektrische Spannung. Das ist das physikalische Grundprinzip jedes Generators.;What is electromagnetic induction?;Electromagnetic induction means that a changing magnetic flux through a coil or conductor induces an electrical voltage. This is the basic physical principle of every generator.;0
Generator & elektromagnetische Induktion;Was ist eine Leiterschleife?;Eine Leiterschleife ist ein geschlossener, meist kreis- oder rechteckförmiger elektrischer Leiter, zum Beispiel ein Draht. Ändert sich der magnetische Fluss durch die von ihr umschlossene Fläche, wird eine Spannung induziert.;What is a conductor loop?;A conductor loop is a closed electrical conductor, usually circular or rectangular, such as a wire. If the magnetic flux through the enclosed area changes, a voltage is induced.;0
Generator & elektromagnetische Induktion;Warum entsteht beim Drehen einer Leiterschleife im Magnetfeld eine Spannung?;Durch die Drehung ändert sich ständig, wie stark das Magnetfeld die Fläche der Schleife durchsetzt. Diese Änderung des magnetischen Flusses induziert eine Spannung.;Why is a voltage induced when a conductor loop rotates in a magnetic field?;As the loop rotates, the magnetic flux through its area changes continuously. This change in magnetic flux induces a voltage.;0
Generator & elektromagnetische Induktion;Warum liefert ein einfacher Generator Wechselspannung statt Gleichspannung?;Beim Drehen kehrt sich die Richtung des magnetischen Flusses periodisch um. Deshalb wechselt auch die induzierte Spannung regelmäßig zwischen positiven und negativen Werten.;Why does a simple generator produce alternating voltage rather than direct voltage?;As the loop rotates, the direction of the magnetic flux reverses periodically. Therefore, the induced voltage also alternates between positive and negative values.;0
Generator & elektromagnetische Induktion;Warum ist der Verlauf der erzeugten Spannung annähernd sinusförmig?;Bei gleichmäßiger Drehung ändert sich der magnetische Fluss regelmäßig mit dem Drehwinkel. Dadurch entsteht ein periodischer, annähernd sinusförmiger Spannungsverlauf.;Why is the generated voltage approximately sinusoidal?;With uniform rotation, the magnetic flux changes regularly with the angle of rotation. This produces a periodic, approximately sinusoidal voltage waveform.;0
Generator & elektromagnetische Induktion;Was ist der Unterschied zwischen Rotor und Stator?;Der Rotor ist der drehende Teil, der Stator der feststehende Teil des Generators. Häufig erzeugt der Rotor das Magnetfeld, während in den Statorspulen die Spannung induziert wird.;What is the difference between the rotor and the stator?;The rotor is the rotating part and the stator is the stationary part of a generator. Often, the rotor creates the magnetic field while voltage is induced in the stator coils.;0
Generator & elektromagnetische Induktion;Wie entsteht die Spannung in einem Generator mit drehendem Magneten?;Nord- und Südpol des Rotors bewegen sich an den feststehenden Statorspulen vorbei. Dadurch ändert sich dort ständig der magnetische Fluss, und eine Wechselspannung wird induziert.;How is voltage generated in a generator with a rotating magnet?;The rotor's north and south poles move past the stationary stator coils. This continuously changes the magnetic flux through the coils and induces an alternating voltage.;0
Generator & elektromagnetische Induktion;Warum ist es sinnvoll, die Spannung im feststehenden Stator zu erzeugen statt im Rotor?;So kann der erzeugte Strom über feste, unbewegliche Leitungen abgeführt werden. Für hohe elektrische Leistungen sind dadurch keine aufwendigen beweglichen Kontakte nötig.;Why is it useful to generate the voltage in the stationary stator rather than in the rotor?;The generated current can then be carried away through fixed conductors. This avoids the need for complex moving electrical contacts for high power levels.;0
Generator & elektromagnetische Induktion;Wie erzeugt eine Windkraftanlage elektrischen Strom?;Der Wind dreht die Rotorblätter. Diese Drehbewegung treibt den Generator an, der die mechanische Energie durch elektromagnetische Induktion in elektrische Energie umwandelt.;How does a wind turbine generate electricity?;Wind turns the rotor blades. This rotation drives the generator, which converts mechanical energy into electrical energy through electromagnetic induction.;0
Generator & elektromagnetische Induktion;Welche Rolle spielt eine Turbine im Kraftwerk?;Die Turbine wandelt die Energie eines strömenden Mediums wie Wasser, Dampf oder Wind in eine Drehbewegung um, die anschließend den Generator antreibt.;What role does a turbine play in a power plant?;A turbine converts the energy of a flowing medium such as water, steam or wind into rotational motion, which then drives the generator.;0
Generator & elektromagnetische Induktion;Wie funktioniert ein Generator im Wasserkraftwerk?;Fließendes oder fallendes Wasser treibt eine Turbine an. Deren Drehbewegung treibt den Generator an, der die mechanische Energie in elektrische Energie umwandelt.;How does a generator work in a hydroelectric power plant?;Flowing or falling water drives a turbine. The turbine's rotation drives the generator, which converts the mechanical energy into electrical energy.;0
Generator & elektromagnetische Induktion;Wie funktioniert ein Generator im Kohle- oder Kernkraftwerk?;Wärme erzeugt Wasserdampf, der eine Turbine antreibt. Die Turbine dreht den Generator, der die mechanische Energie durch Induktion in elektrische Energie umwandelt.;How does a generator work in a coal or nuclear power plant?;Heat produces steam, which drives a turbine. The turbine rotates the generator, which converts the mechanical energy into electrical energy by induction.;0
Generator & elektromagnetische Induktion;Wie unterscheidet sich ein Generator von einem Elektromotor?;Ein Generator wandelt mechanische in elektrische Energie um. Ein Elektromotor macht das Gegenteil und wandelt elektrische Energie in mechanische Bewegung um.;How does a generator differ from an electric motor?;A generator converts mechanical energy into electrical energy. An electric motor does the opposite and converts electrical energy into mechanical motion.;0
Generator & elektromagnetische Induktion;Inwiefern ist ein Fahrraddynamo ein Generator?;Die Drehung des Fahrradrads verändert ein Magnetfeld relativ zu einer Spule und erzeugt dadurch eine Spannung für die Fahrradbeleuchtung. Er arbeitet damit nach demselben Induktionsprinzip wie ein Generator im Kraftwerk.;How is a bicycle dynamo a generator?;The rotation of the bicycle wheel changes a magnetic field relative to a coil and generates a voltage for the bicycle light. It therefore works according to the same induction principle as a power-plant generator.;0
