English;Deutsch;Wortart;Level
abandon;"aufgeben; verlassen";Verb;B2
absolute;"absolut; uneingeschränkt";Adjektiv;B2
academic;"Akademiker; Hochschulangehöriger";Nomen;B2
acceptable;"akzeptabel; annehmbar";Adjektiv;B2
accompany;begleiten;Verb;B2
account;"erklären; ausmachen";Verb;B2
accurate;"genau; präzise";Adjektiv;B2
accuse;beschuldigen;Verb;B2
acknowledge;"anerkennen; bestätigen";Verb;B2
acquire;"erwerben; sich aneignen";Verb;B2
actual;"tatsächlich; wirklich";Adjektiv;B2
adapt;anpassen;Verb;B2
additional;zusätzlich;Adjektiv;B2
address;"ansprechen; behandeln";Verb;B2
administration;Verwaltung;Nomen;B2
adopt;"übernehmen; adoptieren";Verb;B2
advance;"Fortschritt; voranbringen; im Voraus";"Nomen; Verb; Adjektiv";B2
affair;"Angelegenheit; Affäre";Nomen;B2
afterwards;"danach; anschließend";Adverb;B2
agency;"Agentur; Behörde";Nomen;B2
agenda;Tagesordnung;Nomen;B2
aggressive;aggressiv;Adjektiv;B2
aid;"Hilfe; helfen";"Nomen; Verb";B2
aircraft;"Flugzeug; Luftfahrzeug";Nomen;B2
alarm;alarmieren;Verb;B2
alter;verändern;Verb;B2
amount;sich belaufen auf;Verb;B2
anger;"Wut; Ärger";Nomen;B2
angle;"Winkel; Blickwinkel";Nomen;B2
anniversary;Jahrestag;Nomen;B2
annual;jährlich;Adjektiv;B2
anxious;"ängstlich; besorgt";Adjektiv;B2
apparent;"offensichtlich; scheinbar";Adjektiv;B2
apparently;anscheinend;Adverb;B2
appeal;"Appell; Berufung; appellieren; ansprechen";"Nomen; Verb";B2
approach;"Ansatz; sich nähern";"Nomen; Verb";B2
appropriate;"angemessen; passend";Adjektiv;B2
approval;"Zustimmung; Genehmigung";Nomen;B2
approve;"genehmigen; zustimmen";Verb;B2
arise;"entstehen; sich ergeben";Verb;B2
armed;bewaffnet;Adjektiv;B2
arms;Waffen;Nomen;B2
artificial;künstlich;Adjektiv;B2
artistic;künstlerisch;Adjektiv;B2
ashamed;beschämt;Adjektiv;B2
aspect;Aspekt;Nomen;B2
assess;"beurteilen; einschätzen";Verb;B2
assessment;"Bewertung; Beurteilung";Nomen;B2
associate;"verbinden; in Verbindung bringen";Verb;B2
associated;"verbunden; zugehörig";Adjektiv;B2
association;"Verband; Zusammenhang";Nomen;B2
assume;"annehmen; voraussetzen";Verb;B2
attempt;"Versuch; versuchen";"Nomen; Verb";B2
back;unterstützen;Verb;B2
bacteria;Bakterien;Nomen;B2
bar;"sperren; hindern";Verb;B2
barrier;"Barriere; Hindernis";Nomen;B2
basically;"grundsätzlich; im Wesentlichen";Adverb;B2
battle;kämpfen;Verb;B2
bear;"ertragen; aushalten";Verb;B2
beat;"Schlag; Takt";Nomen;B2
beg;"betteln; bitten";Verb;B2
being;"Wesen; Dasein";Nomen;B2
bent;"gebogen; verbogen";Adjektiv;B2
bet;"wetten; Wette";"Verb; Nomen";B2
beyond;"jenseits; über ... hinaus";"Präposition; Adverb";B2
bill;in Rechnung stellen;Verb;B2
bitter;"bitter; verbittert";Adjektiv;B2
blame;"beschuldigen; Schuld";"Verb; Nomen";B2
blind;blind;Adjektiv;B2
bond;"Bindung; Verbindung";Nomen;B2
border;grenzen an;Verb;B2
breast;Brust;Nomen;B2
brief;"kurz; knapp";Adjektiv;B2
broad;"breit; umfassend";Adjektiv;B2
broadcast;"senden; Sendung";"Verb; Nomen";B2
budget;"Budget; Etat";Nomen;B2
bullet;"Kugel; Geschoss";Nomen;B2
bunch;"Bündel; Gruppe";Nomen;B2
burn;"Brandwunde; Verbrennung";Nomen;B2
bush;Busch;Nomen;B2
but;außer;Präposition;B2
cable;Kabel;Nomen;B2
calculate;berechnen;Verb;B2
cancel;"absagen; stornieren";Verb;B2
cancer;Krebs;Nomen;B2
capable;fähig;Adjektiv;B2
capacity;"Kapazität; Fähigkeit";Nomen;B2
capture;"einfangen; Gefangennahme; Aufnahme";"Verb; Nomen";B2
cast;"Besetzung; werfen";"Nomen; Verb";B2
catch;"Fang; Haken";Nomen;B2
cell;Zelle;Nomen;B2
chain;"anketten; verbinden";Verb;B2
chair;den Vorsitz führen;Verb;B2
chairman;Vorsitzender;Nomen;B2
challenge;herausfordern;Verb;B2
characteristic;"Merkmal; charakteristisch";"Nomen; Adjektiv";B2
chart;"aufzeichnen; darstellen";Verb;B2
chief;"wichtigste/r; leitend; Leiter/in";"Adjektiv; Nomen";B2
circumstance;Umstand;Nomen;B2
cite;zitieren;Verb;B2
citizen;Bürger;Nomen;B2
civil;zivil;Adjektiv;B2
classic;"klassisch; Klassiker";"Adjektiv; Nomen";B2
close;"Ende; Abschluss";Nomen;B2
closely;"genau; eng";Adverb;B2
collapse;"zusammenbrechen; Zusammenbruch";"Verb; Nomen";B2
combination;Kombination;Nomen;B2
comfort;"Trost; Komfort; trösten";"Nomen; Verb";B2
command;"Befehl; befehlen";"Nomen; Verb";B2
commission;"Kommission; beauftragen";"Nomen; Verb";B2
commitment;"Verpflichtung; Engagement";Nomen;B2
committee;"Ausschuss; Komitee";Nomen;B2
commonly;"üblicherweise; häufig";Adverb;B2
complex;"Komplex; Gebäudekomplex";Nomen;B2
complicated;kompliziert;Adjektiv;B2
component;"Bestandteil; Komponente";Nomen;B2
concentration;Konzentration;Nomen;B2
concept;"Konzept; Begriff";Nomen;B2
concern;"Sorge; betreffen";"Nomen; Verb";B2
concerned;"besorgt; beteiligt";Adjektiv;B2
conduct;"durchführen; Verhalten";"Verb; Nomen";B2
confidence;"Vertrauen; Selbstvertrauen";Nomen;B2
conflict;"Konflikt; in Konflikt stehen";"Nomen; Verb";B2
confusing;verwirrend;Adjektiv;B2
conscious;bewusst;Adjektiv;B2
conservative;"konservativ; Konservativer";"Adjektiv; Nomen";B2
consideration;"Überlegung; Berücksichtigung";Nomen;B2
consistent;"konsistent; gleichbleibend";Adjektiv;B2
constant;"konstant; dauerhaft";Adjektiv;B2
constantly;ständig;Adverb;B2
construct;"konstruieren; errichten";Verb;B2
construction;"Bau; Konstruktion";Nomen;B2
contemporary;zeitgenössisch;Adjektiv;B2
contest;"Wettbewerb; anfechten";"Nomen; Verb";B2
contract;"Vertrag; sich zusammenziehen";"Nomen; Verb";B2
contribute;beitragen;Verb;B2
contribution;Beitrag;Nomen;B2
convert;umwandeln;Verb;B2
convinced;überzeugt;Adjektiv;B2
core;"Kern; zentral";"Nomen; Adjektiv";B2
corporate;"unternehmerisch; Firmen-";Adjektiv;B2
council;"Rat; Gremium";Nomen;B2
county;"Landkreis; Grafschaft";Nomen;B2
courage;Mut;Nomen;B2
crash;"Absturz; Unfall; abstürzen";"Nomen; Verb";B2
creation;"Schöpfung; Erstellung";Nomen;B2
creature;Lebewesen;Nomen;B2
credit;"anrechnen; zuschreiben";Verb;B2
crew;"Besatzung; Team";Nomen;B2
crisis;Krise;Nomen;B2
criterion;Kriterium;Nomen;B2
critic;Kritiker;Nomen;B2
critical;"kritisch; entscheidend";Adjektiv;B2
criticism;Kritik;Nomen;B2
criticize;kritisieren;Verb;B2
crop;"Ernte; Nutzpflanze";Nomen;B2
crucial;entscheidend;Adjektiv;B2
cry;"Schrei; Weinen";Nomen;B2
cure;"heilen; Heilmittel";"Verb; Nomen";B2
current;"Strom; Strömung";Nomen;B2
curve;"Kurve; sich krümmen";"Nomen; Verb";B2
curved;"gebogen; gekrümmt";Adjektiv;B2
date;"datieren; ausgehen mit";Verb;B2
debate;"Debatte; debattieren";"Nomen; Verb";B2
debt;"Schuld; Schulden";Nomen;B2
decent;"anständig; ordentlich";Adjektiv;B2
declare;"erklären; verkünden";Verb;B2
decline;"Rückgang; ablehnen; sinken";"Verb; Nomen";B2
decoration;"Dekoration; Verzierung";Nomen;B2
decrease;"Abnahme; abnehmen";"Verb; Nomen";B2
deeply;"tief; stark";Adverb;B2
defeat;"besiegen; Niederlage";"Verb; Nomen";B2
defence;Verteidigung;Nomen;B2
defend;verteidigen;Verb;B2
delay;"verzögern; Verzögerung";"Verb; Nomen";B2
deliberate;"absichtlich; wohlüberlegt";Adjektiv;B2
deliberately;absichtlich;Adverb;B2
delight;"Freude; erfreuen";"Verb; Nomen";B2
delighted;erfreut;Adjektiv;B2
delivery;"Lieferung; Zustellung";Nomen;B2
demand;"Nachfrage; Forderung; fordern";"Nomen; Verb";B2
demonstrate;"zeigen; demonstrieren";Verb;B2
deny;"leugnen; verweigern";Verb;B2
depressed;deprimiert;Adjektiv;B2
depressing;deprimierend;Adjektiv;B2
depth;Tiefe;Nomen;B2
desert;"verlassen; im Stich lassen";Verb;B2
deserve;verdienen;Verb;B2
desire;"Wunsch; wünschen";"Nomen; Verb";B2
desperate;verzweifelt;Adjektiv;B2
detail;detailliert beschreiben;Verb;B2
detailed;detailliert;Adjektiv;B2
detect;"erkennen; entdecken";Verb;B2
dig;graben;Verb;B2
disc;"Scheibe; Datenträger";Nomen;B2
discipline;"Disziplin; Fachgebiet";Nomen;B2
discount;"Rabatt gewähren; außer Acht lassen";Verb;B2
dishonest;unehrlich;Adjektiv;B2
dismiss;"entlassen; abweisen";Verb;B2
display;"anzeigen; Darstellung";"Verb; Nomen";B2
distribute;verteilen;Verb;B2
distribution;Verteilung;Nomen;B2
district;Bezirk;Nomen;B2
divide;"Kluft; Trennung";Nomen;B2
division;"Teilung; Abteilung";Nomen;B2
document;dokumentieren;Verb;B2
domestic;"häuslich; inländisch";Adjektiv;B2
dominate;dominieren;Verb;B2
downwards;abwärts;Adverb;B2
dozen;Dutzend;"Nomen; Determinativ";B2
draft;"Entwurf; entwerfen";"Nomen; Verb";B2
drag;"ziehen; schleppen";Verb;B2
dramatic;dramatisch;Adjektiv;B2
edit;bearbeiten;Verb;B2
edition;Ausgabe;Nomen;B2
efficient;effizient;Adjektiv;B2
elderly;"älter; betagt";Adjektiv;B2
elect;wählen;Verb;B2
elsewhere;anderswo;Adverb;B2
emerge;"auftauchen; entstehen";Verb;B2
emotional;emotional;Adjektiv;B2
emphasis;"Betonung; Schwerpunkt";Nomen;B2
emphasize;betonen;Verb;B2
enable;ermöglichen;Verb;B2
encounter;"begegnen; Begegnung";"Verb; Nomen";B2
engage;"sich beteiligen; beschäftigen";Verb;B2
enhance;"verbessern; steigern";Verb;B2
enquiry;"Anfrage; Erkundigung";Nomen;B2
ensure;sicherstellen;Verb;B2
enthusiasm;Begeisterung;Nomen;B2
enthusiastic;begeistert;Adjektiv;B2
entire;"gesamt; vollständig";Adjektiv;B2
entirely;"völlig; vollständig";Adverb;B2
equal;"Ebenbürtige/r; Gleichgestellte/r";Nomen;B2
establish;"gründen; feststellen";Verb;B2
estate;"Anwesen; Nachlass";Nomen;B2
estimate;"schätzen; Schätzung";"Verb; Nomen";B2
ethical;ethisch;Adjektiv;B2
evaluate;bewerten;Verb;B2
even;"eben; gleichmäßig";Adjektiv;B2
evil;"böse; das Böse";"Adjektiv; Nomen";B2
examination;"Untersuchung; Prüfung";Nomen;B2
excuse;"Entschuldigung; entschuldigen";"Nomen; Verb";B2
executive;"Führungskraft; leitend";"Nomen; Adjektiv";B2
existence;Existenz;Nomen;B2
expectation;Erwartung;Nomen;B2
expense;"Ausgabe; Kosten";Nomen;B2
exploration;"Erkundung; Erforschung";Nomen;B2
expose;"aussetzen; aufdecken";Verb;B2
extend;"erweitern; verlängern";Verb;B2
extent;Ausmaß;Nomen;B2
external;"extern; äußerlich";Adjektiv;B2
extraordinary;außergewöhnlich;Adjektiv;B2
extreme;Extrem;Nomen;B2
facility;"Einrichtung; Anlage";Nomen;B2
failure;"Scheitern; Ausfall";Nomen;B2
faith;"Glaube; Vertrauen";Nomen;B2
fault;"Fehler; Schuld";Nomen;B2
favour;"bevorzugen; begünstigen";Verb;B2
feather;Feder;Nomen;B2
fee;Gebühr;Nomen;B2
feed;Futter;Nomen;B2
feedback;Rückmeldung;Nomen;B2
feel;"Gefühl; Eindruck";Nomen;B2
fellow;"Mit-; derselben Gruppe angehörend";Adjektiv;B2
figure;"herausfinden; annehmen";Verb;B2
file;"einreichen; abheften";Verb;B2
finance;"Finanzen; finanzieren";"Nomen; Verb";B2
finding;"Ergebnis; Fund";Nomen;B2
firm;"Unternehmen; Firma";Nomen;B2
fix;"Lösung; Reparatur";Nomen;B2
flame;Flamme;Nomen;B2
flash;"Blitz; aufblitzen";"Nomen; Verb";B2
flexible;flexibel;Adjektiv;B2
float;"schweben; schwimmen";Verb;B2
fold;Falte;Nomen;B2
folding;faltbar;Adjektiv;B2
following;"nach; folgend auf";Präposition;B2
forgive;vergeben;Verb;B2
former;ehemalig;Adjektiv;B2
fortune;"Vermögen; Glück";Nomen;B2
forward;"vorwärtsgerichtet; vorn gelegen; zukunftsbezogen";Adjektiv;B2
found;gründen;Verb;B2
free;befreien;Verb;B2
freedom;Freiheit;Nomen;B2
frequency;"Häufigkeit; Frequenz";Nomen;B2
fuel;"antreiben; befeuern";Verb;B2
fully;"vollständig; völlig";Adverb;B2
function;funktionieren;Verb;B2
fund;"Fonds; finanzieren";"Nomen; Verb";B2
fundamental;grundlegend;Adjektiv;B2
funding;Finanzierung;Nomen;B2
furthermore;außerdem;Adverb;B2
gain;"gewinnen; Zugewinn";"Verb; Nomen";B2
gang;Bande;Nomen;B2
generate;erzeugen;Verb;B2
genre;Genre;Nomen;B2
govern;"regieren; steuern";Verb;B2
grab;"greifen; schnappen";Verb;B2
grade;"benoten; einstufen";Verb;B2
gradually;allmählich;Adverb;B2
grand;"großartig; imposant";Adjektiv;B2
grant;"gewähren; Zuschuss";"Verb; Nomen";B2
guarantee;"garantieren; Garantie";"Verb; Nomen";B2
handle;"handhaben; Griff";"Verb; Nomen";B2
harm;"Schaden; schaden";"Nomen; Verb";B2
harmful;schädlich;Adjektiv;B2
hearing;"Gehör; Anhörung";Nomen;B2
heaven;Himmel;Nomen;B2
heel;"Ferse; Absatz";Nomen;B2
hell;Hölle;Nomen;B2
hesitate;zögern;Verb;B2
high;Höchststand;Nomen;B2
hire;"Miete; Verleih; Einstellung";Nomen;B2
hold;"Halt; Griff";Nomen;B2
hollow;hohl;Adjektiv;B2
holy;heilig;Adjektiv;B2
honour;"Ehre; ehren";"Nomen; Verb";B2
host;"veranstalten; ausrichten";Verb;B2
house;"unterbringen; beherbergen";Verb;B2
household;Haushalt;Nomen;B2
housing;"Wohnraum; Wohnungswesen";Nomen;B2
humorous;humorvoll;Adjektiv;B2
humour;Humor;Nomen;B2
hunt;"Jagd; Suche";Nomen;B2
hunting;"Jagd; Jagen";Nomen;B2
hurt;"Schmerz; Verletzung";Nomen;B2
ideal;Ideal;Nomen;B2
illustrate;veranschaulichen;Verb;B2
illustration;"Illustration; Beispiel";Nomen;B2
imagination;"Fantasie; Vorstellungskraft";Nomen;B2
impatient;ungeduldig;Adjektiv;B2
imply;"andeuten; implizieren";Verb;B2
impose;auferlegen;Verb;B2
impress;beeindrucken;Verb;B2
impressed;beeindruckt;Adjektiv;B2
inch;Zoll;Nomen;B2
incident;Vorfall;Nomen;B2
income;Einkommen;Nomen;B2
increasingly;zunehmend;Adverb;B2
industrial;industriell;Adjektiv;B2
infection;Infektion;Nomen;B2
inform;informieren;Verb;B2
initial;"anfänglich; initial";Adjektiv;B2
initially;zunächst;Adverb;B2
initiative;Initiative;Nomen;B2
inner;inner;Adjektiv;B2
insight;"Einblick; Erkenntnis";Nomen;B2
insist;bestehen auf;Verb;B2
inspire;inspirieren;Verb;B2
install;installieren;Verb;B2
instance;"Beispiel; Fall";Nomen;B2
institute;Institut;Nomen;B2
institution;Institution;Nomen;B2
insurance;Versicherung;Nomen;B2
intended;beabsichtigt;Adjektiv;B2
intense;intensiv;Adjektiv;B2
internal;"intern; inner";Adjektiv;B2
interpret;interpretieren;Verb;B2
interrupt;unterbrechen;Verb;B2
investigation;"Untersuchung; Ermittlung";Nomen;B2
investment;Investition;Nomen;B2
issue;"herausgeben; ausstellen";Verb;B2
joy;Freude;Nomen;B2
judgement;"Urteil; Beurteilung";Nomen;B2
junior;"jünger; nachgeordnet";Adjektiv;B2
justice;"Gerechtigkeit; Justiz";Nomen;B2
justify;rechtfertigen;Verb;B2
labour;"Arbeit; Arbeitskräfte";Nomen;B2
landscape;Landschaft;Nomen;B2
largely;weitgehend;Adverb;B2
latest;das Neueste;Nomen;B2
launch;"starten; Markteinführung";"Verb; Nomen";B2
leadership;Führung;Nomen;B2
league;Liga;Nomen;B2
lean;sich lehnen;Verb;B2
leave;"Urlaub; Erlaubnis";Nomen;B2
level;"ausgleichen; ebnen";Verb;B2
licence;Lizenz;Nomen;B2
limited;begrenzt;Adjektiv;B2
line;"säumen; auskleiden";Verb;B2
lively;lebhaft;Adjektiv;B2
load;"Last; laden";"Nomen; Verb";B2
loan;Darlehen;Nomen;B2
logical;logisch;Adjektiv;B2
long-term;langfristig;"Adjektiv; Adverb";B2
loose;"locker; lose";Adjektiv;B2
lord;"Herr; Adliger";Nomen;B2
low;Tiefstand;Nomen;B2
lower;senken;Verb;B2
lung;Lunge;Nomen;B2
maintain;aufrechterhalten;Verb;B2
majority;Mehrheit;Nomen;B2
make;"Marke; Fabrikat";Nomen;B2
map;kartieren;Verb;B2
mass;"Masse; Massen-";"Nomen; Adjektiv";B2
massive;"massiv; enorm";Adjektiv;B2
master;"Meister; beherrschen";"Nomen; Verb";B2
matching;"passend; übereinstimmend";Adjektiv;B2
material;materiell;Adjektiv;B2
maximum;"maximal; Maximum";"Adjektiv; Nomen";B2
means;"Mittel; Methode";Nomen;B2
measurement;Messung;Nomen;B2
medium;Medium;Nomen;B2
melt;schmelzen;Verb;B2
military;"militärisch; Militär";"Adjektiv; Nomen";B2
mineral;Mineral;Nomen;B2
minimum;"minimal; Minimum";"Adjektiv; Nomen";B2
minister;Minister;Nomen;B2
minor;"geringfügig; kleiner";Adjektiv;B2
minority;Minderheit;Nomen;B2
mission;"Mission; Auftrag";Nomen;B2
mistake;verwechseln;Verb;B2
mixed;gemischt;Adjektiv;B2
model;modellieren;Verb;B2
modify;"ändern; modifizieren";Verb;B2
monitor;"überwachen; Monitor";"Nomen; Verb";B2
moral;"moralisch; Moral";"Adjektiv; Nomen";B2
motor;"Motor; Motor-";"Nomen; Adjektiv";B2
mount;"montieren; besteigen";Verb;B2
multiple;"mehrfach; mehrere";Adjektiv;B2
multiply;"multiplizieren; vermehren";Verb;B2
mysterious;geheimnisvoll;Adjektiv;B2
narrow;verengen;Verb;B2
national;Staatsangehörige/r;Nomen;B2
neat;"ordentlich; sauber";Adjektiv;B2
negative;"das Negative; Negativ";Nomen;B2
nerve;"Nerv; Mut";Nomen;B2
nevertheless;dennoch;Adverb;B2
nightmare;Albtraum;Nomen;B2
notion;"Vorstellung; Begriff";Nomen;B2
numerous;zahlreich;Adjektiv;B2
obey;gehorchen;Verb;B2
object;widersprechen;Verb;B2
objective;"Ziel; objektiv";"Nomen; Adjektiv";B2
obligation;Verpflichtung;Nomen;B2
observation;Beobachtung;Nomen;B2
observe;beobachten;Verb;B2
obtain;erhalten;Verb;B2
occasionally;gelegentlich;Adverb;B2
offence;"Straftat; Beleidigung";Nomen;B2
offend;beleidigen;Verb;B2
offensive;"beleidigend; anstößig";Adjektiv;B2
official;"Amtsträger; Beamter";Nomen;B2
opening;"Eröffnung; Öffnung";Nomen;B2
operate;"betreiben; operieren";Verb;B2
opponent;Gegner;Nomen;B2
oppose;"ablehnen; sich widersetzen";Verb;B2
opposed;"dagegen; eingestellt gegen";Adjektiv;B2
opposition;"Opposition; Widerstand";Nomen;B2
organ;Organ;Nomen;B2
origin;Ursprung;Nomen;B2
otherwise;"sonst; andernfalls";Adverb;B2
outcome;Ergebnis;Nomen;B2
outer;"äußerer; außen liegend";Adjektiv;B2
outline;"Überblick; skizzieren";"Nomen; Verb";B2
overall;"insgesamt; gesamt";"Adjektiv; Adverb";B2
owe;schulden;Verb;B2
pace;"Tempo; Schritt; auf und ab gehen; Tempo vorgeben";"Nomen; Verb";B2
package;verpacken;Verb;B2
panel;"Gremium; Panel";Nomen;B2
parliament;Parlament;Nomen;B2
participant;Teilnehmer;Nomen;B2
partly;teilweise;Adverb;B2
passage;"Passage; Abschnitt";Nomen;B2
patient;geduldig;Adjektiv;B2
pension;Rente;Nomen;B2
permanent;dauerhaft;Adjektiv;B2
permit;"erlauben; Genehmigung";"Verb; Nomen";B2
perspective;Perspektive;Nomen;B2
phase;Phase;Nomen;B2
phenomenon;Phänomen;Nomen;B2
philosophy;Philosophie;Nomen;B2
pick;"Wahl; Auswahl";Nomen;B2
picture;sich vorstellen;Verb;B2
pile;"Stapel; stapeln";"Nomen; Verb";B2
pitch;"Spielfeld; Tonhöhe";Nomen;B2
plain;"schlicht; einfach";Adjektiv;B2
plot;"planen; aufzeichnen";Verb;B2
plus;"Plus; Vorteil; zusätzlich";"Adjektiv; Nomen; Konjunktion";B2
pointed;"spitz; deutlich";Adjektiv;B2
popularity;Beliebtheit;Nomen;B2
pose;"darstellen; posieren";Verb;B2
position;positionieren;Verb;B2
positive;das Positive;Nomen;B2
possess;besitzen;Verb;B2
potential;"potenziell; Potenzial";"Adjektiv; Nomen";B2
power;"antreiben; mit Energie versorgen";Verb;B2
praise;"Lob; loben";"Nomen; Verb";B2
pregnant;schwanger;Adjektiv;B2
preparation;Vorbereitung;Nomen;B2
presence;Anwesenheit;Nomen;B2
preserve;"bewahren; erhalten";Verb;B2
price;"Preis festsetzen; mit einem Preis versehen";Verb;B2
prime;"wichtigste/r; erstklassig";Adjektiv;B2
principle;Prinzip;Nomen;B2
print;"Druck; Abdruck";Nomen;B2
priority;Priorität;Nomen;B2
privacy;Privatsphäre;Nomen;B2
