Zeitform / Form;Deutsch;Bildung;Wann verwenden?;Typische Signalwörter/Hinweise;Beispiel;Wichtige Abgrenzung;Priorität
Present Simple;Einfache Gegenwart;"I/you/we/they work; he/she/it works";"Gewohnheiten und Routinen; allgemeine Fakten; dauerhafte oder längerfristige Zustände; Meinungen; stative verbs.";always, usually, often, sometimes, rarely, never, every day/week, generally, normally;I usually check the data in the morning.;Für eine Handlung, die gerade im Verlauf ist, meist Present Continuous. Stative verbs wie know, believe, want und need stehen normalerweise nicht im Continuous.;1
Present Continuous;Verlaufsform der Gegenwart;am/is/are + verb-ing;"Handlung gerade jetzt; vorübergehende Situation; laufende Veränderung/Entwicklung. Mit Zukunftsangabe auch für bereits organisierte Vereinbarungen.";now, right now, at the moment, currently, today, this week, these days, still;The grid is changing rapidly.;"Present Simple = regelmäßig, allgemein oder dauerhaft; Present Continuous = gerade, vorübergehend oder in Entwicklung. Für feste Zukunftsarrangements siehe die eigene Zukunftszeile.";1
Present Perfect Simple;Vollendete Gegenwart;have/has + past participle;"Vergangene Handlung mit Verbindung zur Gegenwart; Erfahrung ohne genannten abgeschlossenen Zeitpunkt; gegenwärtiges Ergebnis; Handlung/Zustand in einem Zeitraum, der bis jetzt reicht.";"already, just, yet, ever, never, so far, recently, lately, since, for; today/this week, wenn der Zeitraum noch nicht als abgeschlossen betrachtet wird";We have already finished the report.;Mit eindeutig abgeschlossenem vergangenen Zeitpunkt wie yesterday, last year oder in 2022 normalerweise Past Simple. Entscheidend ist der Zeitbezug, nicht ein Signalwort allein.;1
Present Perfect Continuous;Verlaufsform der vollendeten Gegenwart;have/has been + verb-ing;"Aktivität begann in der Vergangenheit und dauert bis jetzt an oder ist erst kürzlich beendet; Dauer, Verlauf oder sichtbare Folge der Aktivität steht im Vordergrund.";for, since, all day, all morning, lately, recently, how long;I have been working on the analysis for three hours.;"Present Perfect Simple betont eher Ergebnis, Anzahl oder Vollständigkeit; Continuous eher Aktivität und Dauer. Stative verbs stehen normalerweise nicht im Continuous.";1
Past Simple;Einfache Vergangenheit;verb-ed oder 2. Form des unregelmäßigen Verbs;"Abgeschlossene Handlung oder Zustand zu einem abgeschlossenen Zeitpunkt in der Vergangenheit; Folge abgeschlossener Ereignisse; frühere Gewohnheiten.";yesterday, ago, last week/month/year, in 2024, then, when I was..., on Monday;We completed the test yesterday.;Ist der vergangene Zeitraum abgeschlossen oder wird ein bestimmter vergangener Zeitpunkt genannt, steht normalerweise Past Simple statt Present Perfect.;1
Past Continuous;Verlaufsform der Vergangenheit;was/were + verb-ing;"Handlung war zu einem bestimmten Zeitpunkt in der Vergangenheit im Verlauf; Hintergrundhandlung; zwei parallele laufende Handlungen; längere Handlung wird von einem kürzeren Ereignis unterbrochen.";while, as, at 8 p.m. yesterday, all evening, when;I was checking the data when the system failed.;"Past Continuous setzt den Hintergrund oder Verlauf; Past Simple bezeichnet häufig das abgeschlossene Hauptereignis. Für bloße frühere Gewohnheiten normalerweise Past Simple/used to, nicht Past Continuous.";1
Past Perfect Simple;Vorvergangenheit;had + past participle;"Eine Handlung oder ein Zustand lag vor einem anderen vergangenen Zeitpunkt oder Ereignis; besonders nützlich, um die frühere Vergangenheit eindeutig zu markieren.";before, after, by the time, already, just, never, until then;The train had left before we reached the station.;"Die spätere Handlung steht meist im Past Simple. Ist die Reihenfolge bereits durch before/after oder den Kontext völlig klar, kann Past Simple teilweise genügen; Past Perfect betont die Vorzeitigkeit.";1
Past Perfect Continuous;Verlaufsform der Vorvergangenheit;had been + verb-ing;"Eine Aktivität lief über eine Zeitspanne bis zu einem vergangenen Zeitpunkt/Ereignis oder erklärte eine damalige Folge; Dauer und Verlauf stehen im Vordergrund.";for, since, how long, before, until then, all day;They had been working for hours before the fault occurred.;"Past Perfect Simple betont eher Ergebnis/Abschluss oder Anzahl; Past Perfect Continuous eher Dauer, Verlauf oder Ursache.";2
will + infinitive;Zukunft mit will (Modalverb);will + base verb;"Spontane Entscheidung im Moment des Sprechens; Versprechen, Angebot oder Bereitschaft; Vorhersage, Vermutung oder Meinung über die Zukunft.";"I think, probably, maybe, perhaps, I'm sure, I expect; oft tomorrow, next week, soon – diese Zeitangaben allein bestimmen die Form aber nicht";I think electricity demand will increase.;"Für eine bereits vorher gefasste Absicht oft going to; für eine konkrete organisierte Vereinbarung oft Present Continuous. Englisch hat mehrere Formen für Zukunftsbedeutungen, nicht nur will.";1
be going to;Geplante/erkennbare Zukunft;am/is/are going to + base verb;"Vorher gefasste Absicht oder Plan; Vorhersage aufgrund von gegenwärtigen Anzeichen oder bereits vorhandener Evidenz.";"oft future time expressions wie tonight, tomorrow, next week, soon; bei Vorhersagen zeigen Situation oder Kontext bereits Anzeichen";We are going to install a new monitoring system.;"will ist typisch für spontane Entscheidungen und manche neutralen Vorhersagen; going to betont eher eine vorherige Absicht oder gegenwärtige Anzeichen. Die Formen können sich im Gebrauch überschneiden.";1
Present Continuous for future;Present Continuous für feste Zukunftspläne;am/is/are + verb-ing + future time;Bereits organisierte zukünftige Vereinbarung oder konkreter persönlicher Plan, häufig mit feststehender Zeit, Ort oder beteiligten Personen.;tomorrow, tonight, this afternoon, next week, on Friday, at 10 a.m.;I'm meeting the project team tomorrow.;"Besonders passend für arrangements, die schon festgemacht wurden. Für bloße Absichten ohne Arrangement oft going to; für Fahrpläne/Programme Present Simple.";1
Present Simple for future;Present Simple für Fahrpläne und feste Abläufe;Present Simple + future time/context;Offizieller Zeitplan, Fahrplan, Programm oder sonstiger feststehender Ablauf in der Zukunft.;"at 8:00, tomorrow, next Monday; timetable, schedule, programme";The train leaves at 7:42 tomorrow.;Persönliche organisierte Vereinbarung = oft Present Continuous. Außerdem steht in zukünftigen Zeit-/Bedingungssätzen nach when, as soon as, before, until oder if häufig Present Simple statt will: I'll call when I arrive.;1
Future Continuous;Verlaufsform der Zukunft;will be + verb-ing;"Eine Handlung wird zu einem bestimmten zukünftigen Zeitpunkt im Verlauf sein; erwarteter oder vorübergehender zukünftiger Ablauf. Auch für höfliche Fragen nach Plänen möglich.";this time tomorrow, at 8 tomorrow, all day tomorrow, next week;This time tomorrow, I will be travelling to the site.;Betont Verlauf oder erwarteten Ablauf in der Zukunft, nicht den Abschluss. Future Perfect betont dagegen, dass etwas bis zu einem Zeitpunkt abgeschlossen sein wird.;2
Future Perfect Simple;Vollendete Zukunft;will have + past participle;Eine Handlung oder ein Zustand wird vor oder bis zu einem bestimmten zukünftigen Zeitpunkt abgeschlossen bzw. erreicht sein.;"by, by then, by the time, before, by next week/year; auch in + Zeitraum möglich";By Friday, we will have completed the analysis.;Fokus liegt auf dem Ergebnis oder erreichten Zustand bis zu einem zukünftigen Bezugspunkt. by bedeutet spätestens bis zu diesem Zeitpunkt.;2
Future Perfect Continuous;Verlaufsform der vollendeten Zukunft;will have been + verb-ing;"Bis zu einem zukünftigen Zeitpunkt wird eine Aktivität bereits eine bestimmte Dauer andauern; die Dauer bis zu diesem Bezugspunkt steht im Vordergrund.";for + duration, by then, by next year, by the time;By December, I will have been working here for six months.;"Relativ selten. Future Perfect Simple betont Ergebnis/Abschluss; Future Perfect Continuous die Dauer einer laufenden Aktivität.";3
used to;Frühere Gewohnheit/Zustand;used to + base verb;Frühere Gewohnheit, wiederholte Handlung oder länger andauernder Zustand, der heute nicht mehr gilt bzw. nicht mehr üblich ist.;when I was younger, in the past, years ago, back then;I used to cycle to university every day.;Keine eigentliche Zeitform. Anders als would kann used to auch frühere Zustände beschreiben. Frage/Verneinung meist Did you use to ...? / didn't use to .... Nicht mit be/get used to + -ing (= an etwas gewöhnt sein/werden) verwechseln.;1
would for past habits;Wiederholte frühere Handlungen;would + base verb;Wiederholte Handlungen und typische Gewohnheiten in der Vergangenheit, besonders in Erzählungen und wenn der vergangene Zeitrahmen bereits klar ist.;when I was a child, every summer, every day, back then;Every summer, we would stay near the coast.;Normalerweise nicht für frühere Zustände: I used to live there, nicht gewöhnlich I would live there. Für einmalige abgeschlossene Ereignisse Past Simple.;3
be about to;Unmittelbare Zukunft;am/is/are about to + base verb;Etwas steht unmittelbar bevor und wird sehr bald passieren.;"Kontext zeigt unmittelbare Zukunft; häufig just/about to, any moment; normalerweise nicht mit entfernten Zukunftsangaben wie tomorrow";The meeting is about to start.;Keine klassische Zeitform, sondern eine Konstruktion für die unmittelbare Zukunft. Sie bedeutet deutlich näher bevorstehend als normales going to.;2
