English expression;Deutsch;Example;Kategorie;Priorität
a piece of cake;"kinderleicht; sehr einfach";The test was a piece of cake.;Alltag;1
break a leg;viel Glück;Break a leg in your interview tomorrow!;Alltag;1
under the weather;sich nicht ganz wohl fühlen;I'm feeling a bit under the weather today.;Gesundheit & Gefühle;1
once in a blue moon;sehr selten;I only eat fast food once in a blue moon.;Zeit & Häufigkeit;1
cost an arm and a leg;sehr teuer sein;That apartment costs an arm and a leg.;Geld & Entscheidungen;1
hit the nail on the head;genau den Punkt treffen;You hit the nail on the head with that explanation.;Kommunikation;1
let the cat out of the bag;ein Geheimnis verraten;He let the cat out of the bag about the surprise party.;Kommunikation;1
kill two birds with one stone;zwei Dinge auf einmal erledigen;I can pick up the parcel on my way to work and kill two birds with one stone.;Alltag;1
cut corners;"an Qualität sparen; etwas schlampig machen";They cut corners to finish the project faster.;Arbeit & Studium;1
add insult to injury;alles noch schlimmer machen;To add insult to injury, they charged us an extra fee.;Probleme & Konflikte;1
a blessing in disguise;etwas scheinbar Schlechtes, das sich als gut erweist;Losing that job was a blessing in disguise.;Alltag;1
call it a day;für heute Schluss machen;We've done enough. Let's call it a day.;Arbeit & Studium;1
bite the bullet;in den sauren Apfel beißen;I finally bit the bullet and booked the dentist appointment.;Entscheidungen;1
give someone the cold shoulder;jemanden absichtlich ignorieren;She gave me the cold shoulder all evening.;Beziehungen;1
the last straw;der Tropfen, der das Fass zum Überlaufen bringt;His rude comment was the last straw.;Probleme & Konflikte;1
the elephant in the room;offensichtliches Problem, über das niemand spricht;We need to talk about the elephant in the room: the budget.;Kommunikation;1
the ball is in your court;du bist am Zug;I've sent the proposal, so the ball is in your court.;Arbeit & Studium;1
break the ice;das Eis brechen;A simple joke helped break the ice.;Kommunikation;1
spill the beans;ein Geheimnis ausplaudern;Come on, spill the beans. What happened?;Kommunikation;1
the best of both worlds;die Vorteile von zwei Dingen zugleich;Working hybrid gives me the best of both worlds.;Alltag;1
see eye to eye;einer Meinung sein;We don't always see eye to eye on politics.;Beziehungen;1
beat around the bush;um den heißen Brei herumreden;Stop beating around the bush and tell me what happened.;Kommunikation;1
better late than never;besser spät als nie;You finally started exercising — better late than never.;Alltag;1
cut someone some slack;mit jemandem nachsichtiger sein;"Cut him some slack; he's new here.";Beziehungen;1
easy does it;langsam und vorsichtig;Easy does it — the box is fragile.;Alltag;2
get out of hand;außer Kontrolle geraten;The discussion quickly got out of hand.;Probleme & Konflikte;1
get something out of your system;"etwas loswerden; sich abreagieren";Go for a run and get it out of your system.;Gesundheit & Gefühle;2
get your act together;"sich zusammenreißen; besser organisieren";I need to get my act together before the deadline.;Arbeit & Studium;1
give someone the benefit of the doubt;"jemandem im Zweifel glauben; das Beste annehmen";I'll give her the benefit of the doubt.;Beziehungen;1
go back to the drawing board;noch einmal von vorn anfangen;The design failed, so it's back to the drawing board.;Arbeit & Studium;1
hang in there;durchhalten;Hang in there — you're almost finished.;Motivation;1
keep an eye on;ein Auge auf etwas haben;Could you keep an eye on my bag?;Alltag;1
make a long story short;lange Rede, kurzer Sinn;To make a long story short, we missed the train.;Kommunikation;1
miss the boat;eine Gelegenheit verpassen;Apply today or you might miss the boat.;Entscheidungen;2
no pain, no gain;ohne Fleiß kein Preis;Training is hard, but no pain, no gain.;Motivation;2
on the ball;"aufmerksam; kompetent";Our new project manager is really on the ball.;Arbeit & Studium;1
pull someone's leg;jemanden auf den Arm nehmen;Relax, I'm just pulling your leg.;Kommunikation;1
sit on the fence;sich nicht entscheiden;You can't sit on the fence forever.;Entscheidungen;1
speak of the devil;wenn man vom Teufel spricht;Speak of the devil — we were just talking about you.;Alltag;2
take something with a grain of salt;"etwas nicht ganz für bare Münze nehmen; mit Vorsicht genießen";Take online reviews with a grain of salt.;Kommunikation;1
the whole nine yards;"das volle Programm; alles";They went the whole nine yards for the event.;Alltag;3
through thick and thin;durch dick und dünn;They've stayed friends through thick and thin.;Beziehungen;1
time flies;die Zeit vergeht wie im Flug;Time flies when you're having fun.;Zeit & Häufigkeit;1
wrap your head around something;etwas wirklich verstehen;It took me a while to wrap my head around the new system.;Arbeit & Studium;1
your guess is as good as mine;ich weiß es genauso wenig wie du;When will they reply? Your guess is as good as mine.;Kommunikation;1
at the end of the day;letztendlich;At the end of the day, we need a practical solution.;Kommunikation;1
in the long run;auf lange Sicht;The investment will save money in the long run.;Zeit & Häufigkeit;1
in the short run;kurzfristig;In the short run, the change may cause problems.;Zeit & Häufigkeit;2
so far, so good;bis jetzt läuft alles gut;We've finished half the work — so far, so good.;Alltag;1
at first glance;auf den ersten Blick;At first glance, the data looks correct.;Kommunikation;1
on the same page;"auf demselben Stand; einer Meinung sein";Let's make sure we're all on the same page.;Arbeit & Studium;1
up in the air;noch ungewiss;The start date is still up in the air.;Arbeit & Studium;1
in hot water;in Schwierigkeiten;He got into hot water after missing the deadline.;Probleme & Konflikte;2
out of the blue;völlig unerwartet;She called me out of the blue.;Alltag;1
by the book;streng nach Vorschrift;The safety check must be done by the book.;Arbeit & Studium;1
learn the ropes;sich einarbeiten;It took me a few weeks to learn the ropes.;Arbeit & Studium;1
think outside the box;unkonventionell denken;We need to think outside the box to solve this problem.;Arbeit & Studium;1
go the extra mile;mehr tun als erwartet;She always goes the extra mile for her team.;Arbeit & Studium;1
get the hang of it;den Dreh rausbekommen;You'll get the hang of it after a few tries.;Arbeit & Studium;1
a win-win situation;Situation, von der beide Seiten profitieren;The agreement is a win-win situation.;Arbeit & Studium;1
back to square one;wieder ganz am Anfang;The test failed, so we're back to square one.;Arbeit & Studium;1
on track;"im Plan; auf Kurs";The project is still on track.;Arbeit & Studium;1
off track;vom Plan abkommen;The discussion went off track.;Arbeit & Studium;1
behind schedule;hinter dem Zeitplan;Construction is two weeks behind schedule.;Arbeit & Studium;1
ahead of schedule;dem Zeitplan voraus;We finished the work ahead of schedule.;Arbeit & Studium;1
touch base;sich kurz abstimmen;Let's touch base again on Friday.;Arbeit & Studium;1
keep someone in the loop;jemanden auf dem Laufenden halten;Please keep me in the loop about any changes.;Arbeit & Studium;1
bring someone up to speed;jemanden auf den neuesten Stand bringen;I'll bring you up to speed before the meeting.;Arbeit & Studium;1
get down to business;zur Sache kommen;Let's get down to business.;Arbeit & Studium;1
get the ball rolling;etwas in Gang bringen;I'll send the first email to get the ball rolling.;Arbeit & Studium;1
raise the bar;die Anforderungen erhöhen;The new standard has raised the bar.;Arbeit & Studium;2
move the goalposts;die Bedingungen nachträglich verändern;They keep moving the goalposts on this project.;Arbeit & Studium;2
a steep learning curve;"in kurzer Zeit viel lernen müssen; anspruchsvolle Lernphase";Starting the new job was a steep learning curve.;Arbeit & Studium;1
learn by trial and error;durch Ausprobieren lernen;I learned the program by trial and error.;Arbeit & Studium;1
put something on hold;etwas vorübergehend stoppen;The project has been put on hold.;Arbeit & Studium;1
put something on the back burner;etwas vorerst zurückstellen;We'll put that idea on the back burner.;Arbeit & Studium;2
take something on board;"etwas berücksichtigen; annehmen";We'll take your feedback on board.;Arbeit & Studium;1
read between the lines;zwischen den Zeilen lesen;You have to read between the lines of his email.;Kommunikation;1
get straight to the point;direkt auf den Punkt kommen;She got straight to the point in the meeting.;Kommunikation;1
make a point;einen Standpunkt deutlich machen;He made a good point about data quality.;Kommunikation;1
get your point across;seinen Standpunkt verständlich machen;Use a chart to get your point across.;Kommunikation;1
to put it another way;"anders gesagt; um es anders auszudrücken";To put it another way, we need more capacity.;Kommunikation;1
to put it mildly;gelinde gesagt;The situation was difficult, to put it mildly.;Kommunikation;2
for the time being;vorerst;For the time being, we'll use the old system.;Zeit & Häufigkeit;1
from time to time;von Zeit zu Zeit;I work from home from time to time.;Zeit & Häufigkeit;1
in no time;"im Handumdrehen; sehr schnell";You'll finish this in no time.;Zeit & Häufigkeit;1
around the clock;rund um die Uhr;The control room is staffed around the clock.;Zeit & Häufigkeit;1
at the last minute;in letzter Minute;They changed the plan at the last minute.;Zeit & Häufigkeit;1
in the meantime;in der Zwischenzeit;"I'll check the data; in the meantime, you can prepare the slides.";Zeit & Häufigkeit;1
sooner or later;früher oder später;Sooner or later, we'll have to replace the equipment.;Zeit & Häufigkeit;1
for good;"für immer; endgültig";He left the company for good.;Zeit & Häufigkeit;2
once and for all;ein für alle Mal;Let's solve this problem once and for all.;Probleme & Konflikte;2
now and then;ab und zu;We still meet for coffee now and then.;Zeit & Häufigkeit;1
at all costs;um jeden Preis;We must avoid a blackout at all costs.;Entscheidungen;1
at stake;auf dem Spiel stehen;A lot of money is at stake.;Entscheidungen;1
take a chance;ein Risiko eingehen;Sometimes you have to take a chance.;Entscheidungen;1
play it safe;auf Nummer sicher gehen;We decided to play it safe and postpone the launch.;Entscheidungen;1
weigh the pros and cons;Vor- und Nachteile abwägen;Let's weigh the pros and cons before deciding.;Entscheidungen;1
make up your mind;sich entscheiden;Have you made up your mind yet?;Entscheidungen;1
sleep on it;eine Nacht darüber schlafen;I need to sleep on it before I decide.;Entscheidungen;1
take your time;sich Zeit lassen;"Take your time; there's no rush.";Entscheidungen;1
go with your gut;auf dein Bauchgefühl hören;I wasn't sure, so I went with my gut.;Entscheidungen;2
have second thoughts;Zweifel bekommen;I'm having second thoughts about moving.;Entscheidungen;1
change your mind;seine Meinung ändern;She changed her mind at the last minute.;Entscheidungen;1
be in two minds;unentschlossen sein;I'm in two minds about accepting the offer.;Entscheidungen;2
make ends meet;finanziell über die Runden kommen;It's hard to make ends meet on a low salary.;Geld & Entscheidungen;1
tighten your belt;"sparen; den Gürtel enger schnallen";We'll have to tighten our belts this month.;Geld & Entscheidungen;2
save for a rainy day;für schlechte Zeiten sparen;I try to save a little for a rainy day.;Geld & Entscheidungen;1
get your money's worth;etwas für sein Geld bekommen;We definitely got our money's worth.;Geld & Entscheidungen;2
pay through the nose;viel zu viel bezahlen;We paid through the nose for that hotel.;Geld & Entscheidungen;2
on a shoestring;mit sehr wenig Geld;They travelled through Europe on a shoestring.;Geld & Entscheidungen;2
break the bank;"zu teuer sein; das Budget sprengen";A weekend trip doesn't have to break the bank.;Geld & Entscheidungen;1
money doesn't grow on trees;Geld wächst nicht auf Bäumen;You can't buy everything you want — money doesn't grow on trees.;Geld & Entscheidungen;2
make a killing;sehr viel Geld verdienen;He made a killing on the investment.;Geld & Entscheidungen;3
worth every penny;jeden Cent wert;The course was worth every penny.;Geld & Entscheidungen;1
on good terms;"mit jemandem auf gutem Fuß stehen; ein gutes Verhältnis haben";I'm still on good terms with my former manager.;Beziehungen;1
get along with someone;mit jemandem gut auskommen;I get along well with my colleagues.;Beziehungen;1
fall out with someone;sich mit jemandem zerstreiten;She fell out with her flatmate.;Beziehungen;1
make up with someone;sich wieder versöhnen;They argued but made up the next day.;Beziehungen;1
hit it off;sich sofort gut verstehen;We hit it off as soon as we met.;Beziehungen;2
have a soft spot for;eine Schwäche für jemanden/etwas haben;I've always had a soft spot for old bicycles.;Beziehungen;2
be there for someone;für jemanden da sein;Thanks for always being there for me.;Beziehungen;1
get on someone's nerves;jemandem auf die Nerven gehen;That noise is getting on my nerves.;Gesundheit & Gefühle;1
drive someone crazy;jemanden wahnsinnig machen;This constant beeping is driving me crazy.;Gesundheit & Gefühle;1
lose your temper;die Beherrschung verlieren;He lost his temper during the argument.;Gesundheit & Gefühle;1
keep your cool;ruhig bleiben;Try to keep your cool during the interview.;Gesundheit & Gefühle;1
be over the moon;überglücklich sein;She was over the moon about the job offer.;Gesundheit & Gefühle;1
be down in the dumps;niedergeschlagen sein;He's been down in the dumps all week.;Gesundheit & Gefühle;2
be fed up with;etwas satt haben;I'm fed up with these delays.;Gesundheit & Gefühle;1
have mixed feelings;gemischte Gefühle haben;I have mixed feelings about moving away.;Gesundheit & Gefühle;1
be on edge;"angespannt; nervös sein";Everyone was on edge before the announcement.;Gesundheit & Gefühle;1
get cold feet;"kalte Füße bekommen; Angst bekommen";He got cold feet before the presentation.;Gesundheit & Gefühle;1
have butterflies in your stomach;"Schmetterlinge im Bauch haben; nervös oder aufgeregt sein";I had butterflies in my stomach before the interview.;Gesundheit & Gefühle;1
take it easy;es ruhig angehen lassen;You've worked enough. Take it easy tonight.;Gesundheit & Gefühle;1
blow off steam;Dampf ablassen;I go running to blow off steam.;Gesundheit & Gefühle;2
clear your head;den Kopf frei bekommen;A walk helps me clear my head.;Gesundheit & Gefühle;1
be in a good mood;gute Laune haben;She's in a good mood today.;Gesundheit & Gefühle;1
be in a bad mood;schlechte Laune haben;"Don't take it personally; he's in a bad mood.";Gesundheit & Gefühle;1
keep your fingers crossed;die Daumen drücken;Keep your fingers crossed for my exam.;Alltag;1
knock on wood;"auf Holz klopfen; hoffentlich bleibt es so";I haven't been ill all year, knock on wood.;Alltag;2
take the plunge;"den Schritt wagen; sich nach längerem Zögern entscheiden";After months of thinking about it, she finally took the plunge and applied.;Entscheidungen;2
come rain or shine;"bei Wind und Wetter; egal was passiert";She cycles to work come rain or shine.;Alltag;2
it's not the end of the world;es ist kein Weltuntergang;Don't worry — it's not the end of the world.;Alltag;1
that's the way the cookie crumbles;"so ist das Leben; so läuft es eben";We didn't get the contract, but that's the way the cookie crumbles.;Alltag;3
every cloud has a silver lining;alles Schlechte hat auch etwas Gutes;The delay gave us more time to prepare — every cloud has a silver lining.;Alltag;2
go with the flow;die Dinge auf sich zukommen lassen;"I don't have a fixed plan; I'll just go with the flow.";Alltag;1
take something for granted;"etwas für selbstverständlich halten; ungeprüft annehmen";Don't take clean water for granted.;Alltag;1
be on the same wavelength;"auf derselben Wellenlänge sein; ähnlich denken";My colleague and I are on the same wavelength when it comes to design.;Beziehungen;2
you live and you learn;aus Erfahrungen lernt man;I booked the wrong train — you live and you learn.;Alltag;2
when it comes to;wenn es um ... geht;When it comes to data analysis, she's very experienced.;Kommunikation;1
as far as I know;soweit ich weiß;As far as I know, the meeting starts at nine.;Kommunikation;1
as far as I'm concerned;was mich betrifft;As far as I'm concerned, the plan is fine.;Kommunikation;1
for what it's worth;"falls es etwas hilft; meiner Meinung nach";For what it's worth, I think you made the right choice.;Kommunikation;2
to be honest;ehrlich gesagt;To be honest, I expected a different result.;Kommunikation;1
to be fair;fairerweise;To be fair, she only joined the team yesterday.;Kommunikation;1
to be on the safe side;sicherheitshalber;Take a charger, just to be on the safe side.;Alltag;1
in other words;mit anderen Worten;In other words, we need to reduce demand.;Kommunikation;1
be caught between a rock and a hard place;zwischen zwei schlechten Möglichkeiten stecken;With both options carrying serious risks, we were caught between a rock and a hard place.;Entscheidungen;2
having said that;"allerdings; trotzdem";The flat is small. Having said that, the location is perfect.;Kommunikation;2
to say the least;gelinde gesagt;The results were surprising, to say the least.;Kommunikation;2
a rule of thumb;Faustregel;As a rule of thumb, back up your files before making major changes.;Alltag;1
fair enough;"in Ordnung; nachvollziehbar";You need more time? Fair enough.;Kommunikation;1
you've got a point;da hast du einen Punkt;You've got a point — we should check the figures again.;Kommunikation;1
I couldn't agree more;ich stimme völlig zu;"I couldn't agree more; safety comes first.";Kommunikation;1
agree to disagree;sich darauf einigen, unterschiedlicher Meinung zu sein;We couldn't agree, so we agreed to disagree.;Kommunikation;2
take someone at their word;"jemanden beim Wort nehmen; glauben, was jemand sagt";He said he'd finish today, so I'll take him at his word.;Kommunikation;2
word of mouth;Mundpropaganda;Most customers hear about us by word of mouth.;Kommunikation;1
keep something to yourself;etwas für sich behalten;Please keep this information to yourself.;Kommunikation;1
hear something through the grapevine;etwas über Umwege hören;I heard through the grapevine that they're hiring.;Kommunikation;2
get wind of something;von etwas Wind bekommen;The press got wind of the plans.;Kommunikation;2
make yourself clear;sich klar ausdrücken;Let me make myself clear: this deadline is fixed.;Kommunikation;1
talk someone into something;jemanden zu etwas überreden;She talked me into applying for the job.;Kommunikation;1
talk someone out of something;jemandem etwas ausreden;My friend talked me out of buying the car.;Kommunikation;1
take something the wrong way;etwas falsch auffassen;Don't take this the wrong way, but the report needs work.;Kommunikation;1
get the wrong end of the stick;etwas missverstehen;I think you got the wrong end of the stick.;Kommunikation;2
cross that bridge when we come to it;sich später um ein Problem kümmern;We'll cross that bridge when we come to it.;Probleme & Konflikte;1
a tough nut to crack;"schwieriges Problem; schwer zu durchschauende Person";This bug is a tough nut to crack.;Probleme & Konflikte;2
a grey area;Grauzone;Remote work rules are still a grey area here.;Probleme & Konflikte;1
a vicious circle;Teufelskreis;Stress and poor sleep can become a vicious circle.;Probleme & Konflikte;1
a dead end;Sackgasse;That approach turned out to be a dead end.;Probleme & Konflikte;1
a wake-up call;"Warnsignal; Weckruf";The outage was a wake-up call for the company.;Probleme & Konflikte;1
a close call;"knappe Sache; etwas Schlimmes ist gerade noch gut gegangen";That was a close call — we nearly missed the train.;Probleme & Konflikte;1
the tip of the iceberg;nur die Spitze des Eisbergs;These errors are just the tip of the iceberg.;Probleme & Konflikte;1
sweep something under the rug;ein Problem vertuschen;We shouldn't sweep these issues under the rug.;Probleme & Konflikte;2
open a can of worms;"eine komplizierte Problemlage lostreten; neue Probleme verursachen";Changing the contract could open a can of worms.;Probleme & Konflikte;2
pour oil on troubled waters;"eine angespannte Lage beruhigen; einen Streit schlichten";She tried to pour oil on troubled waters during the dispute.;Probleme & Konflikte;3
make matters worse;alles noch schlimmer machen;To make matters worse, the server went down.;Probleme & Konflikte;1
come to terms with;sich mit etwas abfinden;It took him time to come to terms with the decision.;Gesundheit & Gefühle;1
face the music;die Konsequenzen tragen;He made the mistake and now has to face the music.;Probleme & Konflikte;2
take the bull by the horns;ein Problem entschlossen angehen;We need to take the bull by the horns and fix this.;Probleme & Konflikte;2
weather the storm;eine schwierige Zeit überstehen;The company managed to weather the storm.;Probleme & Konflikte;2
keep your head above water;sich gerade so über Wasser halten;We're busy, but we're keeping our heads above water.;Probleme & Konflikte;2
go from bad to worse;immer schlimmer werden;The situation went from bad to worse.;Probleme & Konflikte;1
hit rock bottom;den Tiefpunkt erreichen;Sales hit rock bottom last year.;Probleme & Konflikte;2
have your back to/against the wall;"mit dem Rücken zur Wand stehen; kaum Handlungsspielraum haben";With the deadline tomorrow, we have our backs against the wall.;Probleme & Konflikte;2
out of your depth;überfordert sein;I felt out of my depth in the technical meeting.;Arbeit & Studium;1
burn the midnight oil;bis spät in die Nacht arbeiten;We burned the midnight oil to finish the report.;Arbeit & Studium;2
have your hands full;alle Hände voll zu tun haben;I have my hands full this week.;Arbeit & Studium;1
keep up the good work;weiter so;Your results are improving — keep up the good work.;Motivation;1
get your foot in the door;"einen Fuß in die Tür bekommen; einen ersten Einstieg schaffen";An internship can help you get your foot in the door.;Arbeit & Studium;1
