category,front,back,front_de,back_de,front_en,back_en,is_bidirectional
Git & GitHub,Was ist Git?,"Ein verteiltes Versionskontrollsystem, das Änderungen an Dateien über die Zeit nachverfolgt, sodass man frühere Stände wiederherstellen und mit anderen zusammenarbeiten kann.",Was ist Git?,"Ein verteiltes Versionskontrollsystem, das Änderungen an Dateien über die Zeit nachverfolgt, sodass man frühere Stände wiederherstellen und mit anderen zusammenarbeiten kann.",Was ist Git?,"Ein verteiltes Versionskontrollsystem, das Änderungen an Dateien über die Zeit nachverfolgt, sodass man frühere Stände wiederherstellen und mit anderen zusammenarbeiten kann.",0
Git & GitHub,Was ist GitHub?,"Ein Online-Dienst, der Git-Repositories hostet und zusätzliche Werkzeuge für Zusammenarbeit bietet, z. B. Pull Requests, Issues und Code-Reviews. Git selbst funktioniert auch ohne GitHub.",Was ist GitHub?,"Ein Online-Dienst, der Git-Repositories hostet und zusätzliche Werkzeuge für Zusammenarbeit bietet, z. B. Pull Requests, Issues und Code-Reviews. Git selbst funktioniert auch ohne GitHub.",Was ist GitHub?,"Ein Online-Dienst, der Git-Repositories hostet und zusätzliche Werkzeuge für Zusammenarbeit bietet, z. B. Pull Requests, Issues und Code-Reviews. Git selbst funktioniert auch ohne GitHub.",0
Git & GitHub,Was ist ein Repository (Repo)?,"Ein Ordner, dessen Inhalt und Versionsverlauf von Git verwaltet wird - er enthält die Dateien selbst sowie die gesamte Historie ihrer Änderungen.",Was ist ein Repository (Repo)?,"Ein Ordner, dessen Inhalt und Versionsverlauf von Git verwaltet wird - er enthält die Dateien selbst sowie die gesamte Historie ihrer Änderungen.",Was ist ein Repository (Repo)?,"Ein Ordner, dessen Inhalt und Versionsverlauf von Git verwaltet wird - er enthält die Dateien selbst sowie die gesamte Historie ihrer Änderungen.",0
Git & GitHub,Was macht git init?,"Erstellt ein neues, leeres Git-Repository im aktuellen Ordner, sodass Git ab sofort Änderungen darin nachverfolgen kann.",Was macht git init?,"Erstellt ein neues, leeres Git-Repository im aktuellen Ordner, sodass Git ab sofort Änderungen darin nachverfolgen kann.",Was macht git init?,"Erstellt ein neues, leeres Git-Repository im aktuellen Ordner, sodass Git ab sofort Änderungen darin nachverfolgen kann.",0
Git & GitHub,Was macht git clone?,Lädt die komplette Kopie eines bestehenden Repositories (inklusive Historie) von einem entfernten Ort (z. B. GitHub) auf den eigenen Rechner herunter.,Was macht git clone?,Lädt die komplette Kopie eines bestehenden Repositories (inklusive Historie) von einem entfernten Ort (z. B. GitHub) auf den eigenen Rechner herunter.,Was macht git clone?,Lädt die komplette Kopie eines bestehenden Repositories (inklusive Historie) von einem entfernten Ort (z. B. GitHub) auf den eigenen Rechner herunter.,0
Git & GitHub,Was ist der Unterschied zwischen git add und git commit?,git add markiert Änderungen für den nächsten Commit (staging). git commit speichert diese markierten Änderungen dauerhaft mit einer Beschreibung in der Historie.,Was ist der Unterschied zwischen git add und git commit?,git add markiert Änderungen für den nächsten Commit (staging). git commit speichert diese markierten Änderungen dauerhaft mit einer Beschreibung in der Historie.,Was ist der Unterschied zwischen git add und git commit?,git add markiert Änderungen für den nächsten Commit (staging). git commit speichert diese markierten Änderungen dauerhaft mit einer Beschreibung in der Historie.,0
Git & GitHub,Was ist ein Commit?,"Ein gespeicherter Schnappschuss der Änderungen zu einem bestimmten Zeitpunkt, versehen mit einer Beschreibung (Commit-Message) und einer eindeutigen Kennung (Hash).",Was ist ein Commit?,"Ein gespeicherter Schnappschuss der Änderungen zu einem bestimmten Zeitpunkt, versehen mit einer Beschreibung (Commit-Message) und einer eindeutigen Kennung (Hash).",Was ist ein Commit?,"Ein gespeicherter Schnappschuss der Änderungen zu einem bestimmten Zeitpunkt, versehen mit einer Beschreibung (Commit-Message) und einer eindeutigen Kennung (Hash).",0
Git & GitHub,Was macht git push?,"Überträgt lokale Commits auf ein entferntes Repository (z. B. GitHub), damit andere sie sehen und herunterladen können.",Was macht git push?,"Überträgt lokale Commits auf ein entferntes Repository (z. B. GitHub), damit andere sie sehen und herunterladen können.",Was macht git push?,"Überträgt lokale Commits auf ein entferntes Repository (z. B. GitHub), damit andere sie sehen und herunterladen können.",0
Git & GitHub,Was macht git pull?,Lädt neue Commits von einem entfernten Repository herunter und fügt sie in den eigenen lokalen Stand ein (im Prinzip fetch + merge).,Was macht git pull?,Lädt neue Commits von einem entfernten Repository herunter und fügt sie in den eigenen lokalen Stand ein (im Prinzip fetch + merge).,Was macht git pull?,Lädt neue Commits von einem entfernten Repository herunter und fügt sie in den eigenen lokalen Stand ein (im Prinzip fetch + merge).,0
Git & GitHub,Was ist der Unterschied zwischen git fetch und git pull?,"git fetch lädt neue Commits vom entfernten Repository herunter, wendet sie aber nicht auf den eigenen Stand an. git pull macht zusätzlich sofort einen Merge (oder Rebase) in den aktuellen Branch.",Was ist der Unterschied zwischen git fetch und git pull?,"git fetch lädt neue Commits vom entfernten Repository herunter, wendet sie aber nicht auf den eigenen Stand an. git pull macht zusätzlich sofort einen Merge (oder Rebase) in den aktuellen Branch.",Was ist der Unterschied zwischen git fetch und git pull?,"git fetch lädt neue Commits vom entfernten Repository herunter, wendet sie aber nicht auf den eigenen Stand an. git pull macht zusätzlich sofort einen Merge (oder Rebase) in den aktuellen Branch.",0
Git & GitHub,Was ist ein Branch?,"Eine parallele Entwicklungslinie innerhalb eines Repositories, auf der man unabhängig vom Hauptstand (meist main oder master) Änderungen vornehmen kann.",Was ist ein Branch?,"Eine parallele Entwicklungslinie innerhalb eines Repositories, auf der man unabhängig vom Hauptstand (meist main oder master) Änderungen vornehmen kann.",Was ist ein Branch?,"Eine parallele Entwicklungslinie innerhalb eines Repositories, auf der man unabhängig vom Hauptstand (meist main oder master) Änderungen vornehmen kann.",0
Git & GitHub,Was macht git checkout bzw. git switch?,Wechselt zwischen Branches oder stellt einen bestimmten Commit-Stand im Arbeitsverzeichnis her.,Was macht git checkout bzw. git switch?,Wechselt zwischen Branches oder stellt einen bestimmten Commit-Stand im Arbeitsverzeichnis her.,Was macht git checkout bzw. git switch?,Wechselt zwischen Branches oder stellt einen bestimmten Commit-Stand im Arbeitsverzeichnis her.,0
Git & GitHub,Was ist ein Merge?,"Das Zusammenführen der Änderungen aus zwei verschiedenen Branches zu einem gemeinsamen Stand, meist mit einem eigenen Merge-Commit.",Was ist ein Merge?,"Das Zusammenführen der Änderungen aus zwei verschiedenen Branches zu einem gemeinsamen Stand, meist mit einem eigenen Merge-Commit.",Was ist ein Merge?,"Das Zusammenführen der Änderungen aus zwei verschiedenen Branches zu einem gemeinsamen Stand, meist mit einem eigenen Merge-Commit.",0
Git & GitHub,Was ist ein Merge-Konflikt?,"Tritt auf, wenn Git beim Zusammenführen zweier Branches nicht automatisch entscheiden kann, welche Änderung an einer Stelle übernommen werden soll, weil beide Seiten dieselbe Zeile unterschiedlich geändert haben. Muss von Hand aufgelöst werden.",Was ist ein Merge-Konflikt?,"Tritt auf, wenn Git beim Zusammenführen zweier Branches nicht automatisch entscheiden kann, welche Änderung an einer Stelle übernommen werden soll, weil beide Seiten dieselbe Zeile unterschiedlich geändert haben. Muss von Hand aufgelöst werden.",Was ist ein Merge-Konflikt?,"Tritt auf, wenn Git beim Zusammenführen zweier Branches nicht automatisch entscheiden kann, welche Änderung an einer Stelle übernommen werden soll, weil beide Seiten dieselbe Zeile unterschiedlich geändert haben. Muss von Hand aufgelöst werden.",0
Git & GitHub,Was ist ein Pull Request (PR)?,"Ein Vorschlag auf GitHub (oder ähnlichen Diensten), Änderungen aus einem Branch in einen anderen (meist main) zu übernehmen - inklusive Möglichkeit zur Diskussion und zum Review, bevor gemergt wird.",Was ist ein Pull Request (PR)?,"Ein Vorschlag auf GitHub (oder ähnlichen Diensten), Änderungen aus einem Branch in einen anderen (meist main) zu übernehmen - inklusive Möglichkeit zur Diskussion und zum Review, bevor gemergt wird.",Was ist ein Pull Request (PR)?,"Ein Vorschlag auf GitHub (oder ähnlichen Diensten), Änderungen aus einem Branch in einen anderen (meist main) zu übernehmen - inklusive Möglichkeit zur Diskussion und zum Review, bevor gemergt wird.",0
Git & GitHub,Was ist der Unterschied zwischen Git und GitHub?,"Git ist die Software/Technologie zur Versionskontrolle selbst und läuft lokal. GitHub ist ein Online-Dienst, der Git-Repositories hostet und Zusammenarbeit ermöglicht - es gibt auch Alternativen wie GitLab oder Bitbucket.",Was ist der Unterschied zwischen Git und GitHub?,"Git ist die Software/Technologie zur Versionskontrolle selbst und läuft lokal. GitHub ist ein Online-Dienst, der Git-Repositories hostet und Zusammenarbeit ermöglicht - es gibt auch Alternativen wie GitLab oder Bitbucket.",Was ist der Unterschied zwischen Git und GitHub?,"Git ist die Software/Technologie zur Versionskontrolle selbst und läuft lokal. GitHub ist ein Online-Dienst, der Git-Repositories hostet und Zusammenarbeit ermöglicht - es gibt auch Alternativen wie GitLab oder Bitbucket.",0
Git & GitHub,Was macht git status?,"Zeigt an, welche Dateien geändert, neu hinzugefügt oder zum Commit vorgemerkt (gestaged) sind - der schnelle Überblick über den aktuellen Zustand des Arbeitsverzeichnisses.",Was macht git status?,"Zeigt an, welche Dateien geändert, neu hinzugefügt oder zum Commit vorgemerkt (gestaged) sind - der schnelle Überblick über den aktuellen Zustand des Arbeitsverzeichnisses.",Was macht git status?,"Zeigt an, welche Dateien geändert, neu hinzugefügt oder zum Commit vorgemerkt (gestaged) sind - der schnelle Überblick über den aktuellen Zustand des Arbeitsverzeichnisses.",0
Git & GitHub,Was macht git log?,"Zeigt die Historie der Commits an, meist mit Autor, Datum und Commit-Message, in umgekehrt chronologischer Reihenfolge.",Was macht git log?,"Zeigt die Historie der Commits an, meist mit Autor, Datum und Commit-Message, in umgekehrt chronologischer Reihenfolge.",Was macht git log?,"Zeigt die Historie der Commits an, meist mit Autor, Datum und Commit-Message, in umgekehrt chronologischer Reihenfolge.",0
Git & GitHub,Was ist eine .gitignore-Datei?,"Eine Datei, die festlegt, welche Dateien oder Ordner Git bewusst NICHT verfolgen soll, z. B. temporäre Dateien, Zugangsdaten oder große Build-Ordner.",Was ist eine .gitignore-Datei?,"Eine Datei, die festlegt, welche Dateien oder Ordner Git bewusst NICHT verfolgen soll, z. B. temporäre Dateien, Zugangsdaten oder große Build-Ordner.",Was ist eine .gitignore-Datei?,"Eine Datei, die festlegt, welche Dateien oder Ordner Git bewusst NICHT verfolgen soll, z. B. temporäre Dateien, Zugangsdaten oder große Build-Ordner.",0
Git & GitHub,Was ist ein Remote in Git?,"Ein Verweis auf eine entfernte Version des Repositories (z. B. auf GitHub), üblicherweise unter dem Namen origin, mit der man per push/pull synchronisiert.",Was ist ein Remote in Git?,"Ein Verweis auf eine entfernte Version des Repositories (z. B. auf GitHub), üblicherweise unter dem Namen origin, mit der man per push/pull synchronisiert.",Was ist ein Remote in Git?,"Ein Verweis auf eine entfernte Version des Repositories (z. B. auf GitHub), üblicherweise unter dem Namen origin, mit der man per push/pull synchronisiert.",0
Git & GitHub,Was macht git clone vs. git remote add?,git clone lädt ein komplett neues Repository herunter und richtet die Remote-Verbindung automatisch ein. git remote add fügt einer bereits bestehenden lokalen Kopie nachträglich eine Verbindung zu einem entfernten Repository hinzu.,Was macht git clone vs. git remote add?,git clone lädt ein komplett neues Repository herunter und richtet die Remote-Verbindung automatisch ein. git remote add fügt einer bereits bestehenden lokalen Kopie nachträglich eine Verbindung zu einem entfernten Repository hinzu.,Was macht git clone vs. git remote add?,git clone lädt ein komplett neues Repository herunter und richtet die Remote-Verbindung automatisch ein. git remote add fügt einer bereits bestehenden lokalen Kopie nachträglich eine Verbindung zu einem entfernten Repository hinzu.,0
Git & GitHub,Was ist ein Fork auf GitHub?,"Eine eigene, unabhängige Kopie eines fremden Repositories im eigenen GitHub-Konto, die man frei verändern kann, ohne das Original zu beeinflussen - oft der erste Schritt, um an einem fremden Projekt mitzuarbeiten.",Was ist ein Fork auf GitHub?,"Eine eigene, unabhängige Kopie eines fremden Repositories im eigenen GitHub-Konto, die man frei verändern kann, ohne das Original zu beeinflussen - oft der erste Schritt, um an einem fremden Projekt mitzuarbeiten.",Was ist ein Fork auf GitHub?,"Eine eigene, unabhängige Kopie eines fremden Repositories im eigenen GitHub-Konto, die man frei verändern kann, ohne das Original zu beeinflussen - oft der erste Schritt, um an einem fremden Projekt mitzuarbeiten.",0
Git & GitHub,Was ist der Unterschied zwischen main und einem Feature-Branch?,"main (oder master) ist meist der stabile Hauptstand des Projekts. Ein Feature-Branch ist eine separate Linie, auf der man an einer neuen Funktion arbeitet, ohne main direkt zu verändern, bis die Änderung fertig und geprüft ist.",Was ist der Unterschied zwischen main und einem Feature-Branch?,"main (oder master) ist meist der stabile Hauptstand des Projekts. Ein Feature-Branch ist eine separate Linie, auf der man an einer neuen Funktion arbeitet, ohne main direkt zu verändern, bis die Änderung fertig und geprüft ist.",Was ist der Unterschied zwischen main und einem Feature-Branch?,"main (oder master) ist meist der stabile Hauptstand des Projekts. Ein Feature-Branch ist eine separate Linie, auf der man an einer neuen Funktion arbeitet, ohne main direkt zu verändern, bis die Änderung fertig und geprüft ist.",0
Git & GitHub,Was macht git diff?,"Zeigt die konkreten Unterschiede zwischen zwei Ständen an (z. B. zwischen dem Arbeitsverzeichnis und dem letzten Commit), zeilenweise mit + und - markiert.",Was macht git diff?,"Zeigt die konkreten Unterschiede zwischen zwei Ständen an (z. B. zwischen dem Arbeitsverzeichnis und dem letzten Commit), zeilenweise mit + und - markiert.",Was macht git diff?,"Zeigt die konkreten Unterschiede zwischen zwei Ständen an (z. B. zwischen dem Arbeitsverzeichnis und dem letzten Commit), zeilenweise mit + und - markiert.",0
Git & GitHub,Was ist ein Issue auf GitHub?,"Ein Eintrag zum Nachverfolgen von Aufgaben, Fehlern (Bugs) oder Vorschlägen zu einem Projekt, oft mit Diskussion, Labels und Zuweisung an Personen.",Was ist ein Issue auf GitHub?,"Ein Eintrag zum Nachverfolgen von Aufgaben, Fehlern (Bugs) oder Vorschlägen zu einem Projekt, oft mit Diskussion, Labels und Zuweisung an Personen.",Was ist ein Issue auf GitHub?,"Ein Eintrag zum Nachverfolgen von Aufgaben, Fehlern (Bugs) oder Vorschlägen zu einem Projekt, oft mit Diskussion, Labels und Zuweisung an Personen.",0
Git & GitHub,Was macht git revert im Gegensatz zu git reset?,"git revert erstellt einen neuen Commit, der die Änderungen eines früheren Commits rückgängig macht (Historie bleibt erhalten). git reset verschiebt den aktuellen Stand zurück und kann dabei Commits aus der Historie entfernen.",Was macht git revert im Gegensatz zu git reset?,"git revert erstellt einen neuen Commit, der die Änderungen eines früheren Commits rückgängig macht (Historie bleibt erhalten). git reset verschiebt den aktuellen Stand zurück und kann dabei Commits aus der Historie entfernen.",Was macht git revert im Gegensatz zu git reset?,"git revert erstellt einen neuen Commit, der die Änderungen eines früheren Commits rückgängig macht (Historie bleibt erhalten). git reset verschiebt den aktuellen Stand zurück und kann dabei Commits aus der Historie entfernen.",0
Git & GitHub,Was ist eine README-Datei?,"Eine Textdatei (meist README.md) im Wurzelverzeichnis eines Repositories, die erklärt, was das Projekt macht, wie man es installiert und benutzt - meist das Erste, was man beim Öffnen eines Repos auf GitHub sieht.",Was ist eine README-Datei?,"Eine Textdatei (meist README.md) im Wurzelverzeichnis eines Repositories, die erklärt, was das Projekt macht, wie man es installiert und benutzt - meist das Erste, was man beim Öffnen eines Repos auf GitHub sieht.",Was ist eine README-Datei?,"Eine Textdatei (meist README.md) im Wurzelverzeichnis eines Repositories, die erklärt, was das Projekt macht, wie man es installiert und benutzt - meist das Erste, was man beim Öffnen eines Repos auf GitHub sieht.",0
Git & GitHub,Was bedeutet 'HEAD' in Git?,"Ein Verweis auf den aktuell ausgecheckten Commit bzw. Branch - also das, worauf sich das Arbeitsverzeichnis gerade bezieht.",Was bedeutet 'HEAD' in Git?,"Ein Verweis auf den aktuell ausgecheckten Commit bzw. Branch - also das, worauf sich das Arbeitsverzeichnis gerade bezieht.",Was bedeutet 'HEAD' in Git?,"Ein Verweis auf den aktuell ausgecheckten Commit bzw. Branch - also das, worauf sich das Arbeitsverzeichnis gerade bezieht.",0
Git & GitHub,Was ist ein Tag in Git?,"Eine feste Markierung an einem bestimmten Commit, oft für Versionsnummern verwendet (z. B. v1.0.0), im Gegensatz zu einem Branch bewegt sich ein Tag nicht mit weiteren Commits mit.",Was ist ein Tag in Git?,"Eine feste Markierung an einem bestimmten Commit, oft für Versionsnummern verwendet (z. B. v1.0.0), im Gegensatz zu einem Branch bewegt sich ein Tag nicht mit weiteren Commits mit.",Was ist ein Tag in Git?,"Eine feste Markierung an einem bestimmten Commit, oft für Versionsnummern verwendet (z. B. v1.0.0), im Gegensatz zu einem Branch bewegt sich ein Tag nicht mit weiteren Commits mit.",0
Git & GitHub,Was macht git stash?,"Legt aktuell nicht committete Änderungen vorübergehend beiseite, damit man z. B. den Branch wechseln kann, ohne sie zu verlieren oder erst committen zu müssen. Mit git stash pop holt man sie zurück.",Was macht git stash?,"Legt aktuell nicht committete Änderungen vorübergehend beiseite, damit man z. B. den Branch wechseln kann, ohne sie zu verlieren oder erst committen zu müssen. Mit git stash pop holt man sie zurück.",Was macht git stash?,"Legt aktuell nicht committete Änderungen vorübergehend beiseite, damit man z. B. den Branch wechseln kann, ohne sie zu verlieren oder erst committen zu müssen. Mit git stash pop holt man sie zurück.",0
