Infinitive;Simple Past;Past Participle;Deutsch;Priorität
arise;arose;arisen;"entstehen; sich erheben";2
awake;awoke / awaked (US);awoken;"aufwachen; wecken (eher literarisch)";2
be;was / were;been;sein;1
bear;bore;borne / born;"tragen; ertragen → borne; geboren werden → born";2
beat;beat;beaten;"schlagen; besiegen";1
become;became;become;werden;1
begin;began;begun;beginnen;1
bend;bent;bent;biegen;2
bet;bet;bet;wetten;2
bind;bound;bound;binden;2
bite;bit;bitten;beißen;1
bleed;bled;bled;bluten;2
blow;blew;blown;"blasen; wehen";1
break;broke;broken;"brechen; kaputtmachen";1
breed;bred;bred;züchten;2
bring;brought;brought;bringen;1
broadcast;broadcast;broadcast;"senden; übertragen";2
build;built;built;bauen;1
burn;burned / burnt;burned / burnt;"brennen; verbrennen";1
burst;burst;burst;platzen;2
buy;bought;bought;kaufen;1
cast;cast;cast;"werfen; besetzen";2
catch;caught;caught;"fangen; erwischen";1
choose;chose;chosen;"wählen; auswählen";1
cling;clung;clung;sich klammern;2
come;came;come;kommen;1
cost;cost;cost;kosten;1
creep;crept;crept;"kriechen; schleichen";2
cut;cut;cut;schneiden;1
deal;dealt;dealt;"handeln; sich befassen mit";1
dig;dug;dug;graben;2
do;did;done;"tun; machen";1
draw;drew;drawn;"zeichnen; ziehen";1
dream;dreamed / dreamt;dreamed / dreamt;träumen;1
drink;drank;drunk;trinken;1
drive;drove;driven;fahren;1
dwell;dwelt / dwelled;dwelt / dwelled;"wohnen; verweilen";3
eat;ate;eaten;essen;1
fall;fell;fallen;fallen;1
feed;fed;fed;"füttern; ernähren";1
feel;felt;felt;fühlen;1
fight;fought;fought;kämpfen;1
find;found;found;finden;1
flee;fled;fled;fliehen;2
fly;flew;flown;fliegen;1
forbid;forbade;forbidden;verbieten;2
forecast;forecast / forecasted;forecast / forecasted;"vorhersagen; prognostizieren";2
foresee;foresaw;foreseen;vorhersehen;2
foretell;foretold;foretold;vorhersagen;3
forget;forgot;forgotten;vergessen;1
forgive;forgave;forgiven;"vergeben; verzeihen";1
freeze;froze;frozen;"frieren; einfrieren";1
get;got;got / gotten (US);"bekommen; werden";1
give;gave;given;geben;1
go;went;gone;"gehen; fahren";1
grind;ground;ground;"mahlen; schleifen";2
grow;grew;grown;"wachsen; anbauen";1
hang;hung / hanged*;hung / hanged*;"hängen; *hanged bei Hinrichtung";1
have;had;had;haben;1
hear;heard;heard;hören;1
hide;hid;hidden;verstecken;1
hit;hit;hit;"schlagen; treffen";1
hold;held;held;halten;1
hurt;hurt;hurt;"verletzen; wehtun";1
keep;kept;kept;"behalten; halten";1
kneel;knelt / kneeled;knelt / kneeled;knien;2
know;knew;known;"wissen; kennen";1
lay;laid;laid;legen;1
lead;led;led;führen;1
lean;leaned / leant;leaned / leant;lehnen;2
leap;leaped / leapt;leaped / leapt;springen;2
learn;learned / learnt;learned / learnt;lernen;1
leave;left;left;"verlassen; weggehen";1
lend;lent;lent;"leihen; verleihen";1
let;let;let;"lassen; erlauben";1
lie;lay;lain;"liegen (lie–lay–lain; „lügen“ = lie–lied–lied)";1
light;lit / lighted;lit / lighted;"anzünden; beleuchten";2
lose;lost;lost;verlieren;1
make;made;made;"machen; herstellen";1
mean;meant;meant;"bedeuten; meinen";1
meet;met;met;treffen;1
mislead;misled;misled;irreführen;2
misunderstand;misunderstood;misunderstood;missverstehen;2
overcome;overcame;overcome;überwinden;2
overdo;overdid;overdone;übertreiben;3
overeat;overate;overeaten;zu viel essen;3
overhear;overheard;overheard;zufällig mithören;2
oversleep;overslept;overslept;verschlafen;2
overtake;overtook;overtaken;überholen;2
pay;paid;paid;bezahlen;1
prove;proved;proved / proven;beweisen;1
put;put;put;"legen; stellen";1
quit;quit;quit;"aufhören; kündigen";1
read;read;read;lesen (Past/Participle „read“ ausgesprochen /red/);1
ride;rode;ridden;"reiten; fahren";1
ring;rang;rung;"klingeln; anrufen";1
rise;rose;risen;"steigen; sich erheben";1
run;ran;run;laufen;1
say;said;said;sagen;1
see;saw;seen;sehen;1
seek;sought;sought;"suchen; anstreben";2
sell;sold;sold;verkaufen;1
send;sent;sent;"senden; schicken";1
set;set;set;"setzen; einstellen";1
sew;sewed;sewn / sewed;nähen;2
shake;shook;shaken;schütteln;1
shed;shed;shed;"abwerfen; vergießen";2
shine;shone / shined;shone / shined;"scheinen; glänzen; polieren";1
shoe;shod;shod;beschlagen (z. B. ein Pferd);3
shoot;shot;shot;schießen;1
show;showed;shown;zeigen;1
shrink;shrank / shrunk;shrunk;schrumpfen;2
shut;shut;shut;schließen;1
sing;sang;sung;singen;1
sink;sank / sunk;sunk;sinken;2
sit;sat;sat;sitzen;1
sleep;slept;slept;schlafen;1
slide;slid;slid;"rutschen; gleiten";2
smell;smelled / smelt;smelled / smelt;riechen;1
sow;sowed;sown / sowed;säen;3
speak;spoke;spoken;sprechen;1
speed;sped / speeded;sped / speeded;"beschleunigen; rasen";2
spell;spelled / spelt;spelled / spelt;buchstabieren;1
spend;spent;spent;"ausgeben; verbringen";1
spill;spilled / spilt;spilled / spilt;verschütten;2
spin;spun;spun;"drehen; spinnen";2
spit;spat / spit;spat / spit;spucken;2
split;split;split;"teilen; spalten";2
spoil;spoiled / spoilt;spoiled / spoilt;"verderben; verwöhnen";2
spread;spread;spread;"ausbreiten; verbreiten";1
spring;sprang / sprung;sprung;"springen; entspringen";2
stand;stood;stood;stehen;1
steal;stole;stolen;stehlen;1
stick;stuck;stuck;"kleben; stecken";1
sting;stung;stung;stechen;2
stink;stank / stunk;stunk;stinken;2
stride;strode;stridden;"schreiten; mit großen Schritten gehen";3
strike;struck;struck / stricken;"schlagen; streiken";2
strive;strove / strived;striven / strived;"streben; sich bemühen";2
swear;swore;sworn;"schwören; fluchen";2
sweep;swept;swept;fegen;2
swim;swam;swum;schwimmen;1
swing;swung;swung;"schwingen; schaukeln";2
take;took;taken;nehmen;1
teach;taught;taught;"unterrichten; lehren";1
tear;tore;torn;reißen;2
tell;told;told;"erzählen; sagen";1
think;thought;thought;denken;1
throw;threw;thrown;werfen;1
tread;trod;trodden / trod;"treten; schreiten";3
understand;understood;understood;verstehen;1
undertake;undertook;undertaken;"übernehmen; sich vornehmen";2
upset;upset;upset;"verärgern; umkippen";1
wake;woke / waked;woken / waked;"aufwachen; wecken";1
wear;wore;worn;"tragen; anhaben";1
weep;wept;wept;weinen;2
win;won;won;gewinnen;1
wind;wound;wound;"wickeln; aufziehen; sich winden";2
withdraw;withdrew;withdrawn;"zurückziehen; abheben";2
withstand;withstood;withstood;standhalten;3
wring;wrung;wrung;auswringen;3
write;wrote;written;schreiben;1
